<?xml version="1.0" encoding="UTF-8"?>
<USER_DETAILS>
<DATA name="Admin" WebNMSHome="C:/NMS4.0.0/AdventNet/WebNMS">
<CLASSPATH>
<ENTRY PATH="C:\NMS4.0.0\AdventNet\WebNMS\dhcp_classes"/>
<ENTRY PATH="C:/NMS4.0.0/AdventNet/WebNMS/classes"/>
<ENTRY PATH="C:/NMS4.0.0/AdventNet/WebNMS/classes/AdventNetSnmp.jar"/>
<ENTRY PATH="C:/NMS4.0.0/AdventNet/WebNMS/classes/ManagementServer.jar"/>
<ENTRY PATH="C:/NMS4.0.0/AdventNet/WebNMS/classes/jta.jar"/>
<ENTRY PATH="C:/NMS4.0.0/AdventNet/WebNMS/classes/AdventNetTL1.jar"/>
<ENTRY PATH="C:/NMS4.0.0/AdventNet/WebNMS/StudioTools/Studio/projects/dhcpcheck/classes"/>
<ENTRY PATH="C:/NMS4.0.0/AdventNet/WebNMS/StudioTools/Studio/jars/StudioUtils.jar"/>
</CLASSPATH>
<COMPILEROPTIONS DEBUGINFO="true" APPENDTOOLPATH="false" SHOWDEPRECATIONS="false" VERBOSE="false" OPTIMIZE="false" WARNINGS="false"/>
<OTHERFILES TYPE="5" VISIBLE="true" DISPLAYNAME="OTHERFILES"/>
<protocol VISIBLE="false" type="SNMP">
<information_base VISIBLE="false" NAME="RFC1213-MIB" SOURCE="mibs/RFC1213-MIB"/>
</protocol>
<CLIENT_NARS/>
</DATA>
</USER_DETAILS>
