<?xml version='1.0' encoding='ISO-8859-1' ?>
<ftstdata>
<topic name="Unplugging Backup Services" url="sleek_package/unplugging_backup_services.html" />
<topic name="Unplugging CLI and Telnet Components" url="sleek_package/unplugging_cli_and_telnet_components.html" />
<topic name="Unplugging Configuration Service" url="sleek_package/unplugging_configuration_service.html" />
<topic name="Unplugging CORBA" url="sleek_package/unplugging_corba.html" />
<topic name="Unplugging Directories, Jars and Files" url="sleek_package/unplugging_directories_and_jars.html" />
<topic name="Unplugging HTML UI" url="sleek_package/unplugging_htmlui.html" />
<topic name="Unplugging Java UI" url="sleek_package/unplugging_java_ui.html" />
<topic name="Unplugging JMX Service" url="sleek_package/unplugging_jmx_service.html" />
<topic name="Unplugging LDAP Client" url="sleek_package/unplugging_ldap_client.html" />
<topic name="Unplugging Policy Service" url="sleek_package/unplugging_policy_service.html" />
<topic name="Unplugging Provisioning Service" url="sleek_package/unplugging_provisioning_service.html" />
<topic name="Unplugging Studio Components" url="sleek_package/unplugging_studio_components.html" />
<topic name="Unplugging TFTP Service" url="sleek_package/unplugging_tftp_service.html" />
<topic name="Unplugging Themes" url="sleek_package/unplugging_themes.html" />
<topic name="Unplugging Third party Software" url="sleek_package/unplugging_third_party_software.html" />
<topic name="Unplugging TL1" url="sleek_package/unplugging_tl1.html" />
<topic name="Unplugging UpdateManager Tool" url="sleek_package/unplugging_updatemanager_tool.html" />
<topic name="Trimming Web NMS" url="sleek_package/webnms_as_a_sleek_package_introduction.html" />

</ftstdata>  
