<?xml version='1.0' encoding='ISO-8859-1' ?>
<ftswdata>
<key name="telnetwindow"> 1, </key>
<key name="templat"> 5,9, </key>
<key name="templatedetail"> 10, </key>
<key name="templatedetails_small"> 10, </key>
<key name="templateresult"> 10, </key>
<key name="templatestreeicon"> 10, </key>
<key name="templatetesterapplet"> 10, </key>
<key name="terminal"> 1, </key>
<key name="test"> 15, </key>
<key name="testerpolicy"> 9, </key>
<key name="tftp"> 17,12, </key>
<key name="tftp_classpath"> 12, </key>
<key name="tftp_root_directory"> 12, </key>
<key name="tftpconfigprovid"> 12, </key>
<key name="tftpproperty"> 12, </key>
<key name="tftpprotocolprovid"> 12, </key>
<key name="tftpserv"> 12, </key>
<key name="them"> 17,4,13,14, </key>
<key name="theme_editor"> 13, </key>
<key name="themeselector"> 13, </key>
<key name="therefor"> 2, </key>
<key name="thing"> 4,14, </key>
<key name="third"> 17,14, </key>
<key name="thos"> 5, </key>
<key name="thre"> 6,9, </key>
<key name="thread"> 2,10, </key>
<key name="tight"> 11, </key>
<key name="tim"> 2,4,5,8, </key>
<key name="timekey"> 9, </key>
<key name="timeoffinish"> 2, </key>
<key name="timeofstart"> 2, </key>
<key name="timesten"> 4, </key>
<key name="titl"> 2,14, </key>
<key name="tl1"> 17,3,7,11,15, </key>
<key name="tl1_classpath"> 15, </key>
<key name="tl1_cyan"> 15, </key>
<key name="tl1_gray"> 15, </key>
<key name="tl1_green"> 15, </key>
<key name="tl1_orang"> 15, </key>
<key name="tl1_r"> 15, </key>
<key name="tl1_yellow"> 15, </key>
<key name="tl1agent_classpath"> 15, </key>
<key name="tl1agentsimulator"> 11,15, </key>
<key name="tl1alert"> 15, </key>
<key name="tl1and"> 15, </key>
<key name="tl1brows"> 15, </key>
<key name="tl1browsermenu"> 15, </key>
<key name="tl1configprovid"> 15, </key>
<key name="tl1craftinterfac"> 15, </key>
<key name="tl1craftinterface_csh"> 15, </key>
<key name="tl1craftinterface_i18n"> 15, </key>
<key name="tl1customviewsmgr"> 15, </key>
<key name="tl1datacollectorasync"> 15, </key>
<key name="tl1defaultproperti"> 15, </key>
<key name="tl1discfilt"> 15, </key>
<key name="tl1discproces"> 15, </key>
<key name="tl1event"> 15, </key>
<key name="tl1eventfilt"> 15, </key>
<key name="tl1eventfilter4customview"> 15, </key>
<key name="tl1eventproces"> 15, </key>
<key name="tl1gatewayaccesssession"> 15, </key>
<key name="tl1gatewayfilt"> 15, </key>
<key name="tl1gatewaynod"> 15, </key>
<key name="tl1gatewayproces"> 15, </key>
<key name="tl1interfac"> 15, </key>
<key name="tl1interface0_ndx"> 15, </key>
<key name="tl1interface1_ndx"> 15, </key>
<key name="tl1map"> 15, </key>
<key name="tl1mapfilt"> 15, </key>
<key name="tl1maproot"> 15, </key>
<key name="tl1menu"> 1,15, </key>
<key name="tl1messagebuild"> 11, </key>
<key name="tl1nmsbrows"> 15, </key>
<key name="tl1nod"> 15, </key>
<key name="tl1node0_ndx"> 15, </key>
<key name="tl1node1_ndx"> 15, </key>
<key name="tl1notification"> 15, </key>
<key name="tl1pollfilt"> 15, </key>
<key name="tl1port"> 7,15, </key>
<key name="tl1property"> 15, </key>
<key name="tl1protocolprovid"> 15, </key>
<key name="tl1se"> 15, </key>
<key name="tl1task"> 15, </key>
<key name="tl1toolsmain"> 15, </key>
<key name="tl1treeicon"> 15, </key>
<key name="tomcat"> 14, </key>
<key name="tomcat_dir"> 14, </key>
<key name="tomcat_hom"> 14, </key>
<key name="tomcat_shutdownport"> 14, </key>
<key name="tool"> 17,0,1,3,4,6,7,10,11,14,15,16, </key>
<key name="toolbar"> 5,9,10, </key>
<key name="toolbardetail"> 11, </key>
<key name="tooltip"> 5,6, </key>
<key name="top"> 5, </key>
<key name="topo"> 4, </key>
<key name="topodb"> 3,15, </key>
<key name="topof"> 4, </key>
<key name="topoobserv"> 7, </key>
<key name="topoui"> 3,15, </key>
<key name="transaction"> 15, </key>
<key name="transf"> 7,12, </key>
<key name="trap"> 4, </key>
<key name="tre"> 2,5,9,10,15, </key>
<key name="treedetail"> 11, </key>
<key name="treeoperation"> 2, </key>
<key name="trim"> 17, </key>
<key name="tru"> 1,2,7,9,10,15, </key>
<key name="try"> 5, </key>
<key name="turn"> 1, </key>
<key name="tutorial"> 11, </key>
<key name="two"> 17, </key>
<key name="txt"> 17,1,4,6,7,8,11,12,14,15,16, </key>
<key name="typ"> 1,2,3,5,6,12,15, </key>
<key name="u"> 16, </key>
<key name="ui"> 17,0,1,2,3,4,5,6,7,11,15, </key>
<key name="uiaction_typ"> 2, </key>
<key name="umgr_installer_classpath"> 16, </key>
<key name="un"> 4, </key>
<key name="unauthenticatedservlet"> 4, </key>
<key name="uncomment"> 15, </key>
<key name="undesir"> 17, </key>
<key name="unexpect"> 15, </key>
<key name="uninstall"> 11, </key>
<key name="uniqu"> 13, </key>
<key name="unplug"> 17,0,1,2,3,4,5,6,7,8,9,10,11,12,13,14,15,16, </key>
<key name="unsucces"> 5, </key>
<key name="up"> 7,11,13, </key>
<key name="updat"> 17,14,16, </key>
<key name="update_conf"> 16, </key>
<key name="update_manager_classpath"> 16, </key>
<key name="updatemanag"> 14,16, </key>
<key name="updatemanagerimplclas"> 16, </key>
<key name="updatemanagerresources_en_u"> 16, </key>
<key name="upgrad"> 16, </key>
<key name="upload"> 12, </key>
<key name="upto"> 0,1,3,7,15, </key>
<key name="uptospi"> 7, </key>
<key name="url"> 2,5,9,15, </key>
<key name="us"> 17,0,1,2,3,4,5,6,7,8,9,10,11,12,13,14,15,16, </key>
<key name="usag"> 17,4, </key>
<key name="user"> 2,5,9,10,15, </key>
<key name="userclas"> 15, </key>
<key name="userfilt"> 15, </key>
<key name="userlistedprop"> 11, </key>
<key name="usernam"> 10, </key>
<key name="usersinnm"> 11, </key>
<key name="userstoragedb"> 7, </key>
<key name="usual"> 4, </key>
<key name="util"> 2,3,14,15,16, </key>
<key name="utiliz"> 17, </key>
<key name="v1"> 7, </key>
<key name="v2c"> 7, </key>
<key name="v3"> 7,14, </key>
<key name="valign"> 5, </key>
<key name="valu"> 1,3,5,6,8,9,11,12,14,15,16, </key>
<key name="valuabl"> 0, </key>
<key name="varbindlog"> 7, </key>
<key name="varbindlog0_ndx"> 7, </key>
<key name="varbindlog1_ndx"> 7, </key>
<key name="varchar"> 10, </key>
<key name="variabl"> 1,15,16, </key>
<key name="variantid"> 10, </key>
<key name="varindex"> 7, </key>
<key name="variou"> 17,11, </key>
<key name="vartyp"> 7, </key>
<key name="varvalu"> 7, </key>
<key name="vendor"> 10, </key>
<key name="version"> 17,0,1,2,3,4,5,7,8,9,10,11,12,13,14,15,16, </key>
<key name="view"> 2,5,10, </key>
<key name="viewnam"> 2,5,9,10, </key>
<key name="viewresulttoolbutton"> 10, </key>
<key name="viewresulttoolbutton_mo"> 10, </key>
<key name="viewtemplatetoolbutton"> 10, </key>
<key name="viewtemplatetoolbutton_mo"> 10, </key>
<key name="visualag"> 1, </key>
<key name="vital"> 5, </key>
<key name="w3c"> 4, </key>
<key name="want"> 4,5, </key>
<key name="warn"> 0,1,2,3,7,12,13,14,15,16, </key>
<key name="web"> 17,0,1,2,3,4,5,6,7,8,9,10,11,12,13,14,15,16, </key>
<key name="webclient"> 6, </key>
<key name="webcontainer_port"> 14, </key>
<key name="webcrafttreeicon"> 15, </key>
<key name="webnm"> 1,2,12,14,15, </key>
<key name="webnms_dir"> 14, </key>
<key name="webnmsagentapp"> 7,15, </key>
<key name="webnmsbackup"> 0, </key>
<key name="webnmsbackuppolicy"> 0,9, </key>
<key name="webnmslaunch"> 16, </key>
<key name="webserver_classpath"> 14, </key>
<key name="webserver_hom"> 14, </key>
<key name="webserver_jar"> 14, </key>
<key name="webserver_port"> 1,7,12,14, </key>
<key name="webserverconfchang"> 16, </key>
<key name="webstart"> 5, </key>
<key name="weight"> 8, </key>
<key name="whil"> 17,3,13, </key>
<key name="whol"> 17,11, </key>
<key name="will"> 17,1,3,4,5,7,11,12,13,14,15,16, </key>
<key name="window"> 1,2,4,7,12,14,15,16, </key>
<key name="wish"> 17,5, </key>
<key name="without"> 5,11, </key>
<key name="wizard"> 6,11,14,16, </key>
<key name="word"> 10,12,15, </key>
<key name="work"> 5,11,14, </key>
<key name="worker"> 14, </key>
<key name="world"> 15, </key>
<key name="would"> 17, </key>
<key name="writecommunity"> 7, </key>
<key name="xalan"> 14, </key>
<key name="xml"> 1,2,3,4,5,8,9,10,11,12,13,14,15,16, </key>
<key name="xml_classpath"> 14,16, </key>
<key name="xmojo"> 7, </key>
<key name="your"> 5,6, </key>

</ftswdata>  
