<?xml version='1.0' encoding='ISO-8859-1' ?>
<ftswdata>
<key name="_jvm"> 4, </key>
<key name="_uninst"> 4, </key>
<key name="0"> 2,3,4,5,9,10,11,14, </key>
<key name="1"> 0,1,2,3,4,5,6,7,8,9,10,11,12,13,14,15,16, </key>
<key name="10"> 5, </key>
<key name="100"> 9, </key>
<key name="1050"> 3,7, </key>
<key name="150"> 2, </key>
<key name="160"> 5, </key>
<key name="169"> 5, </key>
<key name="170"> 5,9, </key>
<key name="18"> 14, </key>
<key name="2"> 0,1,2,3,4,5,6,7,8,9,10,11,12,13,14,15,16, </key>
<key name="20"> 2, </key>
<key name="200"> 9, </key>
<key name="2b3"> 4, </key>
<key name="3"> 1,2,3,4,5,6,8,9,10,11,14,15,16, </key>
<key name="3306"> 14, </key>
<key name="332"> 5, </key>
<key name="334"> 5, </key>
<key name="4"> 0,1,3,5,7,10,11,13,14,15,16, </key>
<key name="5"> 5,11,14, </key>
<key name="50"> 10, </key>
<key name="6"> 5,14, </key>
<key name="69"> 12, </key>
<key name="7"> 14, </key>
<key name="700"> 5, </key>
<key name="704"> 5, </key>
<key name="75"> 2, </key>
<key name="8"> 5, </key>
<key name="80"> 9, </key>
<key name="8001"> 7, </key>
<key name="8005"> 14, </key>
<key name="8009"> 14, </key>
<key name="8030"> 7, </key>
<key name="8050"> 7, </key>
<key name="9090"> 1,6,7,12,14, </key>
<key name="9099"> 7, </key>
<key name="abl"> 14,16, </key>
<key name="abov"> 17,3,5,6,11, </key>
<key name="absolut"> 14, </key>
<key name="accelerator_key"> 4,5, </key>
<key name="accelerator_modifi"> 4,5, </key>
<key name="acces"> 5,8,15, </key>
<key name="accompani"> 4, </key>
<key name="achiev"> 2, </key>
<key name="acmecardconfiguration"> 15, </key>
<key name="acmemenu"> 15, </key>
<key name="acquir"> 0, </key>
<key name="action_command"> 2,4,5, </key>
<key name="action_link"> 5, </key>
<key name="action_typ"> 1,2,5,13, </key>
<key name="action_valu"> 1,2,3,5,13,15, </key>
<key name="ad"> 1,9,12,15, </key>
<key name="add"> 1,3,7,9,10,12,15, </key>
<key name="adddevic"> 11, </key>
<key name="addmodifymenu"> 5, </key>
<key name="addmodifymenufrontpag"> 5, </key>
<key name="addnod"> 3,15, </key>
<key name="addremov"> 5, </key>
<key name="addtask"> 2, </key>
<key name="admin"> 2,4,5,9,10, </key>
<key name="admin_servlet"> 4, </key>
<key name="administration"> 0,5,7,9,15, </key>
<key name="administrativ"> 5, </key>
<key name="administrator"> 4, </key>
<key name="adminjsp"> 4,5, </key>
<key name="adminstatu"> 10, </key>
<key name="advantag"> 5, </key>
<key name="adventnet"> 0,1,2,3,4,6,7,8,9,10,11,12,13,14,15,16, </key>
<key name="adventnet_specification"> 4, </key>
<key name="adventnetagentuiutiliti"> 11, </key>
<key name="adventnetarutil"> 7, </key>
<key name="adventnetbeanbuild"> 11, </key>
<key name="adventnetbuilderdeployment"> 11, </key>
<key name="adventnetbuildermigration"> 11, </key>
<key name="adventnetchartsbeaninfo"> 11, </key>
<key name="adventnetcli"> 1,14, </key>
<key name="adventnetcliclient"> 1, </key>
<key name="adventnetcorbasimulator"> 3, </key>
<key name="adventnetidltojobject"> 3, </key>
<key name="adventnetidltoxml"> 3, </key>
<key name="adventnetjmx"> 7,14, </key>
<key name="adventnetjmxagent"> 7, </key>
<key name="adventnetjta"> 1, </key>
<key name="adventnetprobeansbeaninfo"> 11, </key>
<key name="adventnetsa"> 14, </key>
<key name="adventnetscreen"> 9, </key>
<key name="adventnetsnmp"> 14, </key>
<key name="adventnetsnmpagent"> 7, </key>
<key name="adventnetsnmpagenttool"> 11, </key>
<key name="adventnetsumclient"> 16, </key>
<key name="adventnetsumserv"> 16, </key>
<key name="adventnettftp"> 12,14, </key>
<key name="adventnetthememanag"> 13, </key>
<key name="adventnettl1"> 15, </key>
<key name="adventnettl1agent"> 7, </key>
<key name="adventnettl1agenttool"> 11, </key>
<key name="adventnettl1tool"> 15, </key>
<key name="adventnetuibeaninfo"> 11, </key>
<key name="adventnetupdatemanag"> 16, </key>
<key name="adventnetupdatemanager_backup"> 16, </key>
<key name="adventnetupdatemanagerinstal"> 16, </key>
<key name="adventnetwebnmsagent"> 7, </key>
<key name="affect"> 17, </key>
<key name="agent"> 7,11,12,15, </key>
<key name="agentdefvalobject"> 7, </key>
<key name="aim"> 17,0,1,2,3,7,9,10,11,15, </key>
<key name="alert"> 4,15, </key>
<key name="alertf"> 4, </key>
<key name="alertfilter_4_tl1customview"> 15, </key>
<key name="alertlogpolicy"> 9, </key>
<key name="alertpolicy"> 9, </key>
<key name="alertpolicyobject"> 9, </key>
<key name="alf"> 13,14, </key>
<key name="alias"> 2,3,7,9,10, </key>
<key name="align"> 5, </key>
<key name="allow"> 3,5, </key>
<key name="along"> 4,14, </key>
<key name="alt"> 7,9, </key>
<key name="alternativ"> 4,5,14, </key>
<key name="amount"> 15, </key>
<key name="amp"> 2, </key>
<key name="ancillary"> 4, </key>
<key name="any"> 17,0,1,3,11,13,14, </key>
<key name="apach"> 17,14, </key>
<key name="apache_dir"> 14, </key>
<key name="apachectl"> 14, </key>
<key name="apart"> 17, </key>
<key name="api"> 1,2, </key>
<key name="appearanc"> 13, </key>
<key name="appjavaoption"> 14, </key>
<key name="applet"> 5,6,14, </key>
<key name="applicabl"> 0,3,7,13, </key>
<key name="application"> 0,1,2,6,8,10,11,14,15, </key>
<key name="applist"> 1,6,8,11,15, </key>
<key name="appnam"> 1,6,8,11,15, </key>
<key name="appropriat"> 15, </key>
<key name="archiv"> 1,15, </key>
<key name="area"> 17, </key>
<key name="arg"> 0,1,2,3,7,8,9,10,12,14,16, </key>
<key name="argument"> 6, </key>
<key name="around"> 14, </key>
<key name="associatedevicewiz"> 4, </key>
<key name="associatetaskwiz"> 4, </key>
<key name="atm"> 10, </key>
<key name="attempt"> 0,3,7,15, </key>
<key name="attribut"> 15, </key>
<key name="attributeaudit"> 2, </key>
<key name="audit"> 2, </key>
<key name="audit_level"> 2, </key>
<key name="authentication"> 5,7,8, </key>
<key name="authmgr"> 8, </key>
<key name="authorization"> 5,8, </key>
<key name="authorization_interfac"> 2, </key>
<key name="authorizationinterfaceimpl"> 2, </key>
<key name="authorizedview"> 10, </key>
<key name="auto"> 14, </key>
<key name="availabl"> 0,7, </key>
<key name="avgreportform"> 5, </key>
<key name="b"> 5, </key>
<key name="back"> 17, </key>
<key name="backup"> 17,0,14, </key>
<key name="bas"> 1,5, </key>
<key name="bat"> 1,2,3,4,6,7,8,9,11,12,13,14,15,16, </key>
<key name="batch"> 2, </key>
<key name="batchconfigtreeicon"> 2, </key>
<key name="be"> 4,6,14, </key>
<key name="be_f"> 3, </key>
<key name="bean"> 4,11, </key>
<key name="beanbuild"> 6,11,16, </key>
<key name="beanbuilder_ref"> 11, </key>
<key name="beanbuildermigrationwizard"> 11, </key>
<key name="beanbuilderwebsvr"> 11, </key>
<key name="becom"> 0, </key>
<key name="befor"> 2, </key>
<key name="begincreateschema"> 2,3,7,9,10,15, </key>
<key name="begindropschema"> 3,7,9,10,15, </key>
<key name="beginindex"> 3,7,9,15, </key>
<key name="behavior"> 9, </key>
<key name="below"> 4,5,6, </key>
<key name="beyond"> 4, </key>
<key name="bin"> 1,2,3,5,6,7,8,9,10,11,12,13,14,15,16, </key>
<key name="blu"> 6, </key>
<key name="bold"> 5,11, </key>
<key name="bootstrap"> 14, </key>
<key name="both"> 4,14, </key>
<key name="brief"> 4, </key>
<key name="broadcastdatasourc"> 1, </key>
<key name="broadcaststormcontrol"> 1, </key>
<key name="brok"> 3, </key>
<key name="brought"> 7, </key>
<key name="brows"> 5,6,11,14,15, </key>
<key name="bsh"> 4,10, </key>
<key name="build"> 1,2,4,10,11,15, </key>
<key name="builder_jar_hom"> 4, </key>
<key name="builder_templat"> 11, </key>
<key name="builderconf"> 11, </key>
<key name="builderdata"> 11, </key>
<key name="built"> 12, </key>
<key name="bundl"> 14, </key>
<key name="button"> 5, </key>
<key name="c"> 4,14,16, </key>
<key name="cal"> 7, </key>
<key name="cannot"> 17,14, </key>
<key name="capabiliti"> 6,10, </key>
<key name="car"> 4, </key>
<key name="cas"> 17,0,1,2,3,4,5,7,8,9,10,11,12,13,14,15,16, </key>
<key name="categori"> 17, </key>
<key name="ccs"> 1, </key>
<key name="cent"> 2,5,9,15, </key>
<key name="centric"> 0, </key>
<key name="chang"> 17,2,5,6,7,13,14,15, </key>
<key name="chassi"> 6,11, </key>
<key name="check"> 11, </key>
<key name="child"> 2,5,9,10, </key>
<key name="choic"> 8, </key>
<key name="cisco"> 4, </key>
<key name="ciscoaccesslistdeletion"> 1, </key>
<key name="ciscoaccesslistgeneration"> 1, </key>
<key name="ciscoconfigbackup"> 1, </key>
<key name="clas"> 1,3,4,5,6,7,8,9,10,11,12,13,14,15,16, </key>
<key name="class_path"> 7,14,15, </key>
<key name="classnam"> 0,1,3,14,15, </key>
<key name="classpath"> 17,1,4,7,8,12,14,15,16, </key>
<key name="clean_audit_interval"> 2, </key>
<key name="cli"> 17,1,4, </key>
<key name="cli_classpath"> 1, </key>
<key name="cli_client_classpath"> 1, </key>
<key name="clibrows"> 1, </key>
<key name="clidefaultproperti"> 1, </key>
<key name="client"> 17,1,2,3,4,5,6,8,9,12,13,14,15, </key>
<key name="clientparameter"> 1,2,4,14,15, </key>
<key name="clierr"> 1, </key>
<key name="clievent"> 1, </key>
<key name="clieventfilt"> 1, </key>
<key name="clifactorybind"> 1, </key>

</ftswdata>  
