<?xml version='1.0' encoding='ISO-8859-1' ?>
<indexdata>
<key name="_jvm" >
  <topic name="Unplugging Directories, Jars and Files" url="sleek_package/unplugging_directories_and_jars.html" />
</key>
<key name="_uninst" >
  <topic name="Unplugging Directories, Jars and Files" url="sleek_package/unplugging_directories_and_jars.html" />
</key>
<key name="admin_servlets" >
  <topic name="Unplugging Directories, Jars and Files" url="sleek_package/unplugging_directories_and_jars.html" />
</key>
<key name="adminjsp" >
  <topic name="Unplugging Directories, Jars and Files" url="sleek_package/unplugging_directories_and_jars.html" />
</key>
<key name="adventnet_specifications" >
  <topic name="Unplugging Directories, Jars and Files" url="sleek_package/unplugging_directories_and_jars.html" />
</key>
<key name="ancillary" >
  <topic name="Unplugging Directories, Jars and Files" url="sleek_package/unplugging_directories_and_jars.html" />
</key>
<key name="Apache" >
  <topic name="Unplugging Third party Software" url="sleek_package/unplugging_third_party_software.html" />
</key>
<key name="Backup" >
  <topic name="Unplugging Backup Services" url="sleek_package/unplugging_backup_services.html" />
</key>
<key name="bsh-1.2b3.jar" >
  <topic name="Unplugging Directories, Jars and Files" url="sleek_package/unplugging_directories_and_jars.html" />
</key>
<key name="CLI" >
  <topic name="Unplugging CLI and Telnet Components" url="sleek_package/unplugging_cli_and_telnet_components.html" />
</key>
<key name="Configuration" >
  <topic name="Unplugging Configuration Service" url="sleek_package/unplugging_configuration_service.html" />
</key>
<key name="CORBA" >
  <topic name="Unplugging CORBA" url="sleek_package/unplugging_corba.html" />
</key>
<key name="default_impl" >
  <topic name="Unplugging Directories, Jars and Files" url="sleek_package/unplugging_directories_and_jars.html" />
</key>
<key name="Directories" >
  <topic name="Unplugging Directories and Jars" url="sleek_package/unplugging_directories_and_jars.html" />
</key>
<key name="ejb_jars" >
  <topic name="Unplugging Directories, Jars and Files" url="sleek_package/unplugging_directories_and_jars.html" />
</key>
<key name="examples" >
  <topic name="Unplugging Directories, Jars and Files" url="sleek_package/unplugging_directories_and_jars.html" />
</key>
<key name="genTrap" >
  <topic name="Unplugging Directories, Jars and Files" url="sleek_package/unplugging_directories_and_jars.html" />
</key>
<key name="help" >
  <topic name="Unplugging Directories, Jars and Files" url="sleek_package/unplugging_directories_and_jars.html" />
</key>
<key name="HTML UI" >
  <topic name="Unplugging HTML UI" url="sleek_package/unplugging_htmlui.html" />
</key>
<key name="Informix" >
  <topic name="Unplugging Directories, Jars and Files" url="sleek_package/unplugging_directories_and_jars.html" />
</key>
<key name="Jars" >
  <topic name="Unplugging Directories and Jars" url="sleek_package/unplugging_directories_and_jars.html" />
</key>
<key name="jcchartK.jar" >
  <topic name="Unplugging Directories, Jars and Files" url="sleek_package/unplugging_directories_and_jars.html" />
</key>
<key name="JMX" >
  <topic name="Unplugging JMX Service" url="sleek_package/unplugging_jmx_service.html" />
</key>
<key name="JRE" >
  <topic name="Unplugging Third party Software" url="sleek_package/unplugging_third_party_software.html" />
</key>
<key name="jsp" >
  <topic name="Unplugging Directories, Jars and Files" url="sleek_package/unplugging_directories_and_jars.html" />
</key>
<key name="LDAP" >
  <topic name="Unplugging LDAP Client" url="sleek_package/unplugging_ldap_client.html" />
</key>
<key name="MSSQL" >
  <topic name="Unplugging Directories, Jars and Files" url="sleek_package/unplugging_directories_and_jars.html" />
</key>
<key name="MySQL" >
  <topic name="Unplugging Directories, Jars and Files" url="sleek_package/unplugging_directories_and_jars.html" />
  <topic name="Unplugging Third party Software" url="sleek_package/unplugging_third_party_software.html" />
</key>
<key name="Oracle" >
  <topic name="Unplugging Directories, Jars and Files" url="sleek_package/unplugging_directories_and_jars.html" />
</key>
<key name="Policy" >
  <topic name="Unplugging Policy Service" url="sleek_package/unplugging_policy_service.html" />
</key>
<key name="poller" >
  <topic name="Unplugging Directories, Jars and Files" url="sleek_package/unplugging_directories_and_jars.html" />
</key>
<key name="Procedure for Unplugging" >
  <topic name="Sleek Packaging - Introdcution" url="sleek_package/webnms_as_a_sleek_package_introduction.html" />
</key>
<key name="projects" >
  <topic name="Unplugging Directories, Jars and Files" url="sleek_package/unplugging_directories_and_jars.html" />
</key>
<key name="Provisioning" >
  <topic name="Unplugging Provisioning Service" url="sleek_package/unplugging_provisioning_service.html" />
</key>
<key name="reinitialize" >
  <topic name="Sleek Packaging - Introdcution" url="sleek_package/webnms_as_a_sleek_package_introduction.html" />
</key>
<key name="servlets" >
  <topic name="Unplugging Directories, Jars and Files" url="sleek_package/unplugging_directories_and_jars.html" />
</key>
<key name="Sleek Packaging" >
  <topic name="Sleek Packaging - Introdcution" url="sleek_package/webnms_as_a_sleek_package_introduction.html" />
</key>
<key name="solid" >
  <topic name="Unplugging Directories, Jars and Files" url="sleek_package/unplugging_directories_and_jars.html" />
</key>
<key name="Studio" >
  <topic name="Unplugging Studio Components" url="sleek_package/unplugging_studio_components.html" />
</key>
<key name="sybase" >
  <topic name="Unplugging Directories, Jars and Files" url="sleek_package/unplugging_directories_and_jars.html" />
</key>
<key name="Telnet" >
  <topic name="Unplugging CLI and Telnet Components" url="sleek_package/unplugging_cli_and_telnet_components.html" />
</key>
<key name="TFTP" >
  <topic name="Unplugging TFTP Service" url="sleek_package/unplugging_tftp_service.html" />
</key>
<key name="Themes" >
  <topic name="Unplugging Themes" url="sleek_package/unplugging_themes.html" />
</key>
<key name="TimesTen" >
  <topic name="Unplugging Directories, Jars and Files" url="sleek_package/unplugging_directories_and_jars.html" />
</key>
<key name="TL1" >
  <topic name="Unplugging TL1" url="sleek_package/unplugging_tl1.html" />
</key>
<key name="unauthenticatedservlets" >
  <topic name="Unplugging Directories, Jars and Files" url="sleek_package/unplugging_directories_and_jars.html" />
</key>
<key name="Update Manager" >
  <topic name="Unplugging UpdateManager Tool" url="sleek_package/unplugging_updatemanager_tool.html" />
</key>
<key name="UpdateManager" >
  <topic name="Unplugging UpdateManager Tool" url="sleek_package/unplugging_updatemanager_tool.html" />
</key>

</indexdata>
