<?xml version="1.0" encoding="UTF-8"?>
<SERVICE NAME="REBRANDING" DISPLAYNAME="REBRANDING" VISIBLE="true" DESCRIPTION="ProjectWizard.Rebranding" TYPE="113">
<FILE SOURCE="conf/clientparameters.conf" VISIBLE="false" PACKAGE="true" EDITABLE="false"/>
<DIR SOURCE="html" VISIBLE="false" RECURSIVE="false" FILTER="properties" PACKAGE="true"/>
<FILE SOURCE="html/toolbar.html" VISIBLE="false" PACKAGE="false" EDITABLE="true"/>
<FILE SOURCE="html/Logo.html" VISIBLE="false" PACKAGE="false" EDITABLE="true"/>
<FILE SOURCE="conf/WebNMS.jnlp" VISIBLE="false" PACKAGE="false" EDITABLE="true"/>
<FILE SOURCE="reports/SimpleReportForm.html" VISIBLE="false" PACKAGE="false" EDITABLE="true"/>
<FILE SOURCE="classes/com/adventnet/nms/startclient/LoginInfo.txt" VISIBLE="false" PACKAGE="false" EDITABLE="true"/>
<FILE SOURCE="jsp/SampleStatsAvgReport.jsp" VISIBLE="false" PACKAGE="false" EDITABLE="true"/>
<FILE SOURCE="jsp/SampleStatsDataReport.jsp" VISIBLE="false" PACKAGE="false" EDITABLE="true"/>
<FILE SOURCE="jsp/SysAdminFrontPage.jsp" VISIBLE="false" PACKAGE="false" EDITABLE="true"/>
<FILE SOURCE="jsp/PollReports.jsp" VISIBLE="false" PACKAGE="false" EDITABLE="true"/>
<FILE SOURCE="jsp/NetTable.jsp" VISIBLE="false" PACKAGE="false" EDITABLE="true"/>
<FILE SOURCE="jsp/WebNMSStatus.jsp" VISIBLE="false" PACKAGE="false" EDITABLE="true"/>
<FILE SOURCE="jsp/WebStart.jsp" VISIBLE="false" PACKAGE="false" EDITABLE="true"/>
<FILE SOURCE="conf/launcher_conf.txt" VISIBLE="false" PACKAGE="false" EDITABLE="true"/>
</SERVICE>
