<?xml version='1.0' encoding='ISO-8859-1' ?>
<ftswdata>
<key name="provisioningmain"> 10, </key>
<key name="provisioningmenu"> 10, </key>
<key name="provisioningoperationsmenu"> 10, </key>
<key name="provisioningoperationspanel"> 10, </key>
<key name="provisioningresult"> 10, </key>
<key name="provisioningtemplat"> 1,10, </key>
<key name="provisioningtemplatespanel"> 10, </key>
<key name="provisioningtreeicon"> 10, </key>
<key name="provisioningvariant"> 10, </key>
<key name="provisioningvariantprop"> 10, </key>
<key name="provisiontoolbutton"> 10, </key>
<key name="provisiontoolbutton_mo"> 10, </key>
<key name="provisoningtemplat"> 15, </key>
<key name="provsion"> 10, </key>
<key name="provtoconfigifc"> 10, </key>
<key name="provtoconfigifcimpl"> 10, </key>
<key name="provtotopoifc"> 10, </key>
<key name="provtotopoifcimpl"> 10, </key>
<key name="provus"> 10, </key>
<key name="prp"> 7, </key>
<key name="public"> 7, </key>
<key name="purpos"> 17, </key>
<key name="quot"> 14, </key>
<key name="rapid"> 10, </key>
<key name="rare"> 8, </key>
<key name="rat"> 5, </key>
<key name="rdbm"> 2, </key>
<key name="rdbms_modecustomiz"> 14, </key>
<key name="read"> 4,8, </key>
<key name="readcommunity"> 7, </key>
<key name="readm"> 4, </key>
<key name="reality"> 7, </key>
<key name="rediscov"> 5, </key>
<key name="ref"> 2,3,6,15, </key>
<key name="refer"> 17,14, </key>
<key name="referenc"> 1,7,8,12,15, </key>
<key name="reinitializ"> 17,14, </key>
<key name="relat"> 17,0,1,2,3,4,5,7,8,9,10,11,12,13,14,15,16, </key>
<key name="relational"> 7, </key>
<key name="relationalagentobject"> 7, </key>
<key name="relationalalertpolicy"> 9, </key>
<key name="relationalclas"> 0,3,7,9,10,15, </key>
<key name="relationalcorbanod"> 3, </key>
<key name="relationalnetworkinventory"> 10, </key>
<key name="relationalpolicyobject"> 0,9, </key>
<key name="relationalprovisioningvariant"> 10, </key>
<key name="relationaltl1interfac"> 15, </key>
<key name="relationaltl1nod"> 15, </key>
<key name="releas"> 17,0,1,2,3,4,5,7,8,9,10,12,13,14,15,16, </key>
<key name="reloadtemplatestoolbutton"> 10, </key>
<key name="reloadtemplatestoolbutton_mo"> 10, </key>
<key name="rem"> 15, </key>
<key name="remark"> 17,0,1,2,3,4,5,7,8,9,10,11,12,13,14,15,16, </key>
<key name="remember"> 17, </key>
<key name="remot"> 1, </key>
<key name="remov"> 17,0,1,2,3,4,5,6,7,8,9,10,11,12,13,14,15,16, </key>
<key name="removal"> 17,0,1,2,3,4,5,7,8,9,10,12,13,14,15,16, </key>
<key name="removesucces"> 5, </key>
<key name="removeunsucces"> 5, </key>
<key name="renam"> 17, </key>
<key name="replac"> 3,14,15, </key>
<key name="report"> 5, </key>
<key name="reportgenpolicy"> 9, </key>
<key name="request"> 3, </key>
<key name="requir"> 17,0,4,6,7,9, </key>
<key name="resourc"> 17,2,11, </key>
<key name="resourceidentificationconvertor"> 11, </key>
<key name="restart"> 17,5,6, </key>
<key name="result"> 0,3,13,14,15,16, </key>
<key name="retri"> 2, </key>
<key name="rfc1215"> 4, </key>
<key name="rfc1271"> 4, </key>
<key name="rfc1315"> 4, </key>
<key name="ri"> 4, </key>
<key name="rich"> 2, </key>
<key name="rmi"> 7,14, </key>
<key name="rmiport"> 7, </key>
<key name="rollbackstatu"> 2, </key>
<key name="root"> 1,2,5,9,10,12,15, </key>
<key name="rootdir"> 14, </key>
<key name="rout"> 2, </key>
<key name="routeadd"> 1, </key>
<key name="routeadddatasourc"> 1, </key>
<key name="routedelet"> 1, </key>
<key name="routedeletedatasourc"> 1, </key>
<key name="routermap2"> 4, </key>
<key name="routermenu"> 1,2, </key>
<key name="run"> 4, </key>
<key name="runapacheexemodul"> 14, </key>
<key name="runjspmodul"> 14, </key>
<key name="runtim"> 14,15, </key>
<key name="runtime_admin_policy_main_help"> 9, </key>
<key name="runtime_admin_policy_policyconfiguration_help"> 9, </key>
<key name="runtimeadmin"> 9, </key>
<key name="runtimeconfig"> 9, </key>
<key name="s"> 4,5, </key>
<key name="safe"> 0,1,2,3,7,8,9,10,11,12,15,16, </key>
<key name="sam"> 6, </key>
<key name="sampl"> 17,4, </key>
<key name="scalabl"> 9, </key>
<key name="scenario"> 14, </key>
<key name="schedul"> 9, </key>
<key name="schema"> 7,9,15, </key>
<key name="screen"> 5,6, </key>
<key name="screen2"> 4, </key>
<key name="script"> 17,10, </key>
<key name="se"> 6, </key>
<key name="search"> 1,9,10,12,15, </key>
<key name="second"> 17, </key>
<key name="security"> 8,14, </key>
<key name="securitydbdata"> 2,5,9,10, </key>
<key name="selector"> 13, </key>
<key name="sensitiv"> 4, </key>
<key name="separator"> 1,2,5,13, </key>
<key name="serializ"> 2, </key>
<key name="serv"> 17,3,5,6,9,10,12,13,14,15,16, </key>
<key name="server"> 3, </key>
<key name="server_java_opt"> 14, </key>
<key name="serverparameter"> 3,12, </key>
<key name="servic"> 17,0,1,2,3,4,5,7,8,9,10,11,12,13,14,15,16, </key>
<key name="servlet"> 17,4,14, </key>
<key name="sessionid"> 15, </key>
<key name="set"> 17,1,2,7,12,14,15,16, </key>
<key name="setenv"> 1,4,7,12,14,15,16, </key>
<key name="sh"> 1,2,3,4,5,6,7,8,11,12,13,14,15,16, </key>
<key name="shift"> 4,5, </key>
<key name="shortcut_key"> 4,5, </key>
<key name="should"> 17,1,2,4,12,14,15, </key>
<key name="showimag"> 2,15, </key>
<key name="shutdown"> 5,6, </key>
<key name="simplereportform"> 5, </key>
<key name="simulator"> 11,15, </key>
<key name="sitraka"> 4, </key>
<key name="skin"> 13, </key>
<key name="sla"> 4, </key>
<key name="smartupdatemanag"> 16, </key>
<key name="snippet"> 17,0,1,2,3,5,7,8,9,10,11,12,13,14,15,16, </key>
<key name="snmp"> 17,3,7,11,14,15, </key>
<key name="snmpagentsimulator"> 11, </key>
<key name="snmpconfiguration"> 14, </key>
<key name="snmpcorbaserv"> 3, </key>
<key name="snmpmenu"> 1,2, </key>
<key name="snmpmenu_win"> 2, </key>
<key name="snmpport"> 7, </key>
<key name="snmpversion"> 7, </key>
<key name="so"> 17,3,6,13,14, </key>
<key name="softwar"> 17,14, </key>
<key name="solari"> 1,2,7,12,14,15,16, </key>
<key name="solid"> 4, </key>
<key name="sometim"> 0, </key>
<key name="sourc"> 17,4, </key>
<key name="sp"> 7,15, </key>
<key name="sp1"> 0,1,3,7,13,15, </key>
<key name="sp2"> 3,7,13,15, </key>
<key name="spac"> 17,14, </key>
<key name="spe"> 5, </key>
<key name="specifi"> 14, </key>
<key name="specific"> 17,0,1,2,3,4,5,7,8,9,10,12,13,14,15,16, </key>
<key name="specification"> 4, </key>
<key name="specify"> 14, </key>
<key name="splash"> 14, </key>
<key name="sqldatatyp"> 11, </key>
<key name="standalon"> 17,6,15, </key>
<key name="start"> 17,2,3,6,13,14, </key>
<key name="startapach"> 14, </key>
<key name="startapplication"> 1, </key>
<key name="startapplicationclient"> 2,6,15,16, </key>
<key name="startmysql"> 14, </key>
<key name="startnm"> 0,1,7,12,14,15,16, </key>
<key name="startnmsf"> 1,12,15,16, </key>
<key name="startnmsjdbc"> 14, </key>
<key name="startnmsserv"> 1, </key>
<key name="startprovmodul"> 10, </key>
<key name="startstudiotool"> 11, </key>
<key name="starttelnetclient"> 1, </key>
<key name="starttelnetclientf"> 1, </key>
<key name="startthememanag"> 13,14, </key>
<key name="startup"> 2,10,15, </key>
<key name="statistic"> 4, </key>
<key name="statpollcommand"> 15, </key>
<key name="statstablecleanup"> 9, </key>
<key name="statu"> 2,7,9, </key>
<key name="statuspol"> 11, </key>
<key name="statuspollcommand"> 3, </key>
<key name="statuspollior"> 3, </key>
<key name="step"> 5,6, </key>
<key name="step1"> 5, </key>
<key name="stopoperationtoolbutton"> 10, </key>
<key name="stopoperationtoolbutton_mo"> 10, </key>
<key name="stor"> 0,15, </key>
<key name="structur"> 17, </key>
<key name="studio"> 17,6,11, </key>
<key name="studiotool"> 11, </key>
<key name="styl"> 13, </key>
<key name="stylesheet"> 10, </key>
<key name="submit"> 5, </key>
<key name="subtasknam"> 2, </key>
<key name="succes"> 5, </key>
<key name="sufficient"> 17, </key>
<key name="suitabl"> 5, </key>
<key name="sum_client_classpath"> 16, </key>
<key name="sum_server_classpath"> 16, </key>
<key name="sun"> 5, </key>
<key name="support"> 1,10,11,15, </key>
<key name="sur"> 17,4,14, </key>
<key name="swingimag"> 11, </key>
<key name="switch"> 2, </key>
<key name="sy"> 5, </key>
<key name="sybas"> 4, </key>
<key name="sysadmin"> 5, </key>
<key name="sysadmin_mo"> 5, </key>
<key name="sysadminfrontpag"> 5, </key>
<key name="system"> 0,5,7,10,15, </key>
<key name="systemadmin"> 5, </key>
<key name="systemdateconfiguration"> 15, </key>
<key name="ta"> 15, </key>
<key name="tabl"> 17,2,3,4,7,9,10,15, </key>
<key name="tabulat"> 17, </key>
<key name="tag"> 1,4,8,9,11,12,14,15,16, </key>
<key name="tak"> 17, </key>
<key name="taken"> 4, </key>
<key name="target"> 2,5,9,15, </key>
<key name="taserverf"> 15, </key>
<key name="task"> 1,2,12,15, </key>
<key name="taskaudit"> 2, </key>
<key name="taskconfig"> 2, </key>
<key name="tasklisten"> 2, </key>
<key name="tasknam"> 2, </key>
<key name="tasktodevicelistmap"> 2, </key>
<key name="tcp"> 3, </key>
<key name="td"> 5, </key>
<key name="telecom"> 10, </key>
<key name="telnet"> 17,1,4, </key>
<key name="telnetconfigprovid"> 1, </key>

</ftswdata>  
