<?xml version='1.0' encoding='ISO-8859-1' ?>
<ftswdata>
<key name="long"> 0, </key>
<key name="los"> 0, </key>
<key name="low"> 5, </key>
<key name="main"> 7, </key>
<key name="maintain"> 2, </key>
<key name="mak"> 17,4,6,14, </key>
<key name="man"> 17, </key>
<key name="manag"> 17,1,4,7,8,9,11,15,16, </key>
<key name="managedobjectnam"> 10, </key>
<key name="management"> 1,2,3,8,9,11,12,15, </key>
<key name="managementserv"> 14, </key>
<key name="mandatory"> 17, </key>
<key name="map"> 4,15, </key>
<key name="mapdata"> 2,15, </key>
<key name="mapf"> 4, </key>
<key name="mapmenu"> 11, </key>
<key name="maxthread"> 7, </key>
<key name="meet"> 10, </key>
<key name="mentino"> 9, </key>
<key name="mention"> 17,3,4,7,11,15, </key>
<key name="menu"> 1,2,4,5,9,13,14,15, </key>
<key name="messag"> 11,15, </key>
<key name="mib"> 4,10, </key>
<key name="microsystem"> 5, </key>
<key name="migrat"> 9,11, </key>
<key name="migratepolici"> 9, </key>
<key name="migration"> 11,14, </key>
<key name="migrationproces"> 9,11, </key>
<key name="migrationutil"> 11, </key>
<key name="migwiz"> 11, </key>
<key name="mind"> 1,12, </key>
<key name="mmmysqldriv"> 14, </key>
<key name="moconfigupdat"> 2, </key>
<key name="mod"> 4, </key>
<key name="mod_jk"> 14, </key>
<key name="model"> 10,11, </key>
<key name="modifi"> 17,5,8, </key>
<key name="modification"> 17,0,1,2,3,5,6,7,8,9,10,11,12,13,14,15,16, </key>
<key name="modify"> 14, </key>
<key name="modul"> 2,4,5,8,9,15, </key>
<key name="monitor"> 15, </key>
<key name="mopropchoos"> 11, </key>
<key name="mouseoverimag"> 5, </key>
<key name="mowizard"> 11, </key>
<key name="mssql"> 4, </key>
<key name="multi"> 10,11, </key>
<key name="multifold"> 0, </key>
<key name="multiprotocolbrows"> 11, </key>
<key name="must"> 6, </key>
<key name="mysql"> 17,4,14, </key>
<key name="mysql_comp"> 14, </key>
<key name="mysql_hom"> 14, </key>
<key name="nam"> 17,0,1,2,3,4,5,6,7,8,9,10,11,12,13,14,15,16, </key>
<key name="namedview"> 10, </key>
<key name="nameref"> 3, </key>
<key name="nameservicehost"> 3, </key>
<key name="nameserviceport"> 3, </key>
<key name="nar"> 11, </key>
<key name="narpackag"> 11, </key>
<key name="natadddatasourc"> 1, </key>
<key name="nataddition"> 1, </key>
<key name="natdeletedatasourc"> 1, </key>
<key name="native_p"> 14, </key>
<key name="natremoval"> 1, </key>
<key name="nbsp"> 5, </key>
<key name="ne"> 17,5,14, </key>
<key name="necessary"> 4, </key>
<key name="necessity"> 11, </key>
<key name="need"> 4,5,10, </key>
<key name="nes"> 7, </key>
<key name="netmonitor"> 2,11, </key>
<key name="network"> 1,2,9,10, </key>
<key name="networkinventory"> 10, </key>
<key name="new"> 10, </key>
<key name="newdevicelist"> 2, </key>
<key name="next"> 14,16, </key>
<key name="nm"> 17,0,1,2,3,4,5,6,7,8,9,10,11,12,13,14,15,16, </key>
<key name="nms_clas"> 1,4,7,12,14,15,16, </key>
<key name="nms_hom"> 1,7,12,14,15,16, </key>
<key name="nms_rmi_reg_port"> 7, </key>
<key name="nmsclientclas"> 6, </key>
<key name="nmsconfigurationserv"> 2, </key>
<key name="nmsinterfac"> 10, </key>
<key name="nmsinventoryhandl"> 2, </key>
<key name="nmsmainb"> 14, </key>
<key name="nmspanel"> 17,1, </key>
<key name="nmspolicymgr"> 9, </key>
<key name="nmspolicypanel"> 9, </key>
<key name="nmsprocessb"> 8, </key>
<key name="nmsprocessesb"> 17,1,2,3,7,9,10,12,14,15,16, </key>
<key name="nmsprocessesf"> 17,1,2,9,10,14,15,16, </key>
<key name="nmsprocessessb"> 0, </key>
<key name="nmssum"> 16, </key>
<key name="nmstaserv"> 15, </key>
<key name="nmstelnetfram"> 1, </key>
<key name="nmstelnetpanel"> 1, </key>
<key name="nmstftpserv"> 12, </key>
<key name="nmsutil"> 5, </key>
<key name="nod"> 1,2,3,9,11,15, </key>
<key name="nodedeletepolicy"> 9, </key>
<key name="nodemenu"> 1,2, </key>
<key name="nonuiagent"> 11, </key>
<key name="noofthread"> 7, </key>
<key name="not"> 17,0,1,2,3,4,5,7,8,9,10,11,12,13,14,15,16, </key>
<key name="notificationlog"> 7, </key>
<key name="notificationlog0_ndx"> 7, </key>
<key name="notifyid"> 15, </key>
<key name="notiindex"> 7, </key>
<key name="notioid"> 7, </key>
<key name="novarbind"> 7, </key>
<key name="now"> 1, </key>
<key name="ntwkdbmain"> 4, </key>
<key name="null"> 0,1,2,3,8,9,10,14,16, </key>
<key name="num"> 2, </key>
<key name="numb"> 14, </key>
<key name="o"> 4, </key>
<key name="object"> 3,4, </key>
<key name="objecttorelational"> 11, </key>
<key name="objnam"> 2, </key>
<key name="objtorel"> 11, </key>
<key name="occuranc"> 4,5,14,15, </key>
<key name="oid"> 7, </key>
<key name="omit"> 17, </key>
<key name="on"> 5,9,14, </key>
<key name="onc"> 5, </key>
<key name="onward"> 3,11,13,14, </key>
<key name="openfram"> 1,2, </key>
<key name="opennw"> 5, </key>
<key name="openorb"> 3, </key>
<key name="openorb_tool"> 3, </key>
<key name="operation"> 2,3,5,9,10,15, </key>
<key name="operationalstatu"> 10, </key>
<key name="operationnam"> 2,5,9,10, </key>
<key name="operationstabl"> 10, </key>
<key name="operationstreeicon"> 10, </key>
<key name="operationtyp"> 2,5,9,10, </key>
<key name="operatorview"> 5, </key>
<key name="option"> 0,3,4,5,6,7,14,15, </key>
<key name="oracl"> 4, </key>
<key name="orb"> 3, </key>
<key name="orbclassnam"> 3, </key>
<key name="orbinitialport"> 3, </key>
<key name="organiz"> 8, </key>
<key name="outsid"> 14, </key>
<key name="overcom"> 0, </key>
<key name="own"> 4, </key>
<key name="ownernam"> 2,3,9,15, </key>
<key name="p"> 4,5, </key>
<key name="pack"> 17,0,1,2,3,4,5,7,8,9,10,11,12,13,14,15,16, </key>
<key name="packag"> 11, </key>
<key name="packagewizard"> 11, </key>
<key name="pag"> 6, </key>
<key name="pair"> 9,11, </key>
<key name="panel"> 17,1,2,9,10,12,15, </key>
<key name="panelspecificmenu"> 11, </key>
<key name="param"> 1,3,12,15, </key>
<key name="paramet"> 1,3,14, </key>
<key name="parameter"> 14, </key>
<key name="parent"> 2,5,9,10, </key>
<key name="part"> 5, </key>
<key name="particular"> 17,0,1,2,3,4,5,7,8,9,10,12,13,14,15,16, </key>
<key name="party"> 17,14, </key>
<key name="pas"> 14, </key>
<key name="patch"> 16, </key>
<key name="path"> 17,0,1,2,3,4,5,6,7,8,9,10,11,12,13,14,15,16, </key>
<key name="pdf"> 4, </key>
<key name="pendingdevic"> 2, </key>
<key name="pendingtask"> 2, </key>
<key name="perf"> 4, </key>
<key name="perform"> 17,5, </key>
<key name="performanc"> 4,11, </key>
<key name="period"> 9, </key>
<key name="pertain"> 7, </key>
<key name="pleas"> 17,0,1,2,3,5,7,12,13,15, </key>
<key name="plot"> 4, </key>
<key name="plug"> 5, </key>
<key name="png"> 2,4,5,9,10,13,14,15, </key>
<key name="point"> 17, </key>
<key name="pol"> 3,4,15, </key>
<key name="polici"> 0,9, </key>
<key name="policy"> 17,0,9, </key>
<key name="policy_migration"> 9, </key>
<key name="policyactioncondition"> 9, </key>
<key name="policyactioncondition0_ndx"> 9, </key>
<key name="policyadminmenu"> 9, </key>
<key name="policyconfigurationui"> 9, </key>
<key name="policydb"> 0,9, </key>
<key name="policyerr"> 9, </key>
<key name="policyf"> 9, </key>
<key name="policyfilter"> 9, </key>
<key name="policymenu"> 9, </key>
<key name="policyobject"> 0,9, </key>
<key name="policyobject0_ndx"> 9, </key>
<key name="policyobjectcustomiz"> 9, </key>
<key name="policypanel"> 9, </key>
<key name="policyscheduletim"> 9, </key>
<key name="policyui"> 9, </key>
<key name="policyus"> 9, </key>
<key name="policyuserprop"> 9, </key>
<key name="policyuserprops0_ndx"> 9, </key>
<key name="policyuserprops1_ndx"> 9, </key>
<key name="poll"> 3,15, </key>
<key name="pollf"> 4, </key>
<key name="pollmenu"> 4,5, </key>
<key name="pollui"> 4, </key>
<key name="popup"> 2, </key>
<key name="port"> 6,7,12,14, </key>
<key name="portno"> 12, </key>
<key name="possibl"> 1,3,11,14, </key>
<key name="powerful"> 10, </key>
<key name="ppm"> 16, </key>
<key name="present"> 17,1,4,5,6,7,11,14,15, </key>
<key name="primary"> 9, </key>
<key name="print"> 2, </key>
<key name="printerfoto"> 4, </key>
<key name="printermenu"> 2, </key>
<key name="printmenu"> 2, </key>
<key name="procedur"> 17,0,1,2,3,4,5,7,8,9,10,11,12,13,14,15,16, </key>
<key name="proces"> 17,0,1,2,3,4,7,8,9,10,12,14,15,16, </key>
<key name="product"> 17,4, </key>
<key name="professional"> 17, </key>
<key name="program"> 3, </key>
<key name="project"> 4, </key>
<key name="properti"> 1,2,4,10,11,14,15,16, </key>
<key name="property"> 1,3,6,8,11,12,14,15,16, </key>
<key name="propertyfil"> 3, </key>
<key name="protocol"> 17,1,3,8,11,12,14,15, </key>
<key name="prov"> 0,10, </key>
<key name="proverr"> 10, </key>
<key name="provid"> 17,0,1,2,3,4,5,7,9,10,11,12,13,15, </key>
<key name="provider"> 10, </key>
<key name="providerutil"> 8, </key>
<key name="provision"> 17,1,2,4,10, </key>
<key name="provisioningclientresourc"> 10, </key>
<key name="provisioningextension"> 10, </key>
<key name="provisioningextensionproxi"> 10, </key>
<key name="provisioningf"> 10, </key>
<key name="provisioningfilter"> 10, </key>

</ftswdata>  
