<?xml version='1.0' encoding='ISO-8859-1' ?>
<ftswdata>
<key name="clilogging_parameter"> 1, </key>
<key name="cliproperty"> 1, </key>
<key name="cliprotocolprovid"> 1, </key>
<key name="clius"> 1, </key>
<key name="clos"> 2,10,15, </key>
<key name="closetelnetconnection"> 1, </key>
<key name="cntrl"> 4,5, </key>
<key name="cod"> 4,14, </key>
<key name="codebas"> 14, </key>
<key name="codebase_list"> 14, </key>
<key name="collect"> 4, </key>
<key name="color"> 6, </key>
<key name="column"> 17,2,9, </key>
<key name="com"> 0,1,2,3,4,7,8,9,10,11,12,13,14,15,16, </key>
<key name="combination"> 14, </key>
<key name="command"> 1,5,14, </key>
<key name="commandlineappnarinstal"> 11, </key>
<key name="commandlineappnaruninstal"> 11, </key>
<key name="commandlinestudionarinstal"> 11, </key>
<key name="commandlinestudionaruninstal"> 11, </key>
<key name="comment"> 14, </key>
<key name="common"> 6,14, </key>
<key name="communicat"> 1, </key>
<key name="communication"> 3,7,15, </key>
<key name="community"> 7, </key>
<key name="compil"> 5,6,11,14, </key>
<key name="compilejsp"> 5,6,7, </key>
<key name="complex"> 9, </key>
<key name="component"> 17,0,1,2,3,4,5,6,7,8,9,10,11,12,13,14,15,16, </key>
<key name="conf"> 17,0,1,2,3,4,5,6,7,8,9,10,11,12,13,14,15,16, </key>
<key name="config"> 17,1,2,3,12,15, </key>
<key name="config_audit_mod"> 2, </key>
<key name="config_persistence_mod"> 2, </key>
<key name="config_server_port"> 2, </key>
<key name="config_updater_model"> 2, </key>
<key name="configattribut"> 2, </key>
<key name="configaudit"> 2, </key>
<key name="configauditbrows"> 2, </key>
<key name="configauditmenu"> 2, </key>
<key name="configcheck"> 11, </key>
<key name="configerr"> 2, </key>
<key name="configf"> 2, </key>
<key name="configfilecheck"> 11, </key>
<key name="configmain"> 2, </key>
<key name="configmenu"> 2, </key>
<key name="configmgmttreeicon"> 2, </key>
<key name="configpanel"> 2, </key>
<key name="configprovid"> 1,2,3,12,15, </key>
<key name="configtask"> 1,2,12,15, </key>
<key name="configtaskdetail"> 2, </key>
<key name="configur"> 2, </key>
<key name="configurabl"> 14, </key>
<key name="configuration"> 17,0,1,2,3,4,5,6,7,8,9,10,11,12,13,14,15,16, </key>
<key name="configurationwizard"> 11, </key>
<key name="configurator"> 14,15, </key>
<key name="configurenod"> 2, </key>
<key name="configus"> 2, </key>
<key name="configview"> 2, </key>
<key name="conformanc"> 4, </key>
<key name="connect"> 1,6,14, </key>
<key name="connectionhandl"> 15, </key>
<key name="consider"> 15, </key>
<key name="considerabl"> 15, </key>
<key name="consolidation"> 4, </key>
<key name="contact"> 1,10, </key>
<key name="contain"> 17,4,6,14,15, </key>
<key name="context"> 4, </key>
<key name="control"> 13,15, </key>
<key name="copy"> 14, </key>
<key name="corba"> 17,3,7,15, </key>
<key name="corba_parameter"> 3, </key>
<key name="corbaconfigprovid"> 3, </key>
<key name="corbadiscoveryfilt"> 3, </key>
<key name="corbadiscproces"> 3, </key>
<key name="corbanod"> 3, </key>
<key name="corbanode0_ndx"> 3, </key>
<key name="corbanode1_ndx"> 3, </key>
<key name="corbapollprovid"> 3, </key>
<key name="corbaport"> 7, </key>
<key name="corbaproperty"> 3, </key>
<key name="corbaprotocolprovid"> 3, </key>
<key name="corbase"> 3, </key>
<key name="corbaserviceprovid"> 3, </key>
<key name="correspond"> 17,4,7,9, </key>
<key name="cost"> 0, </key>
<key name="could"> 0, </key>
<key name="coupl"> 11, </key>
<key name="cp"> 14,16, </key>
<key name="craft"> 15, </key>
<key name="craftinterfac"> 15, </key>
<key name="crash"> 0, </key>
<key name="creat"> 17,2,3,5,7,9,10,11,15, </key>
<key name="creation"> 17, </key>
<key name="crimson"> 14, </key>
<key name="crossconnect"> 15, </key>
<key name="crucial"> 0, </key>
<key name="csport"> 2, </key>
<key name="current"> 4, </key>
<key name="custom"> 2,5,6, </key>
<key name="customiz"> 17,3,6,9,10,11,15, </key>
<key name="customizabl"> 2, </key>
<key name="customization"> 17,6, </key>
<key name="customviewfilt"> 15, </key>
<key name="cycl"> 0,11, </key>
<key name="d"> 14, </key>
<key name="data"> 0,2,5,9,10,15, </key>
<key name="databas"> 17,0,4,14, </key>
<key name="databasealia"> 7, </key>
<key name="databasealias"> 2,3,9,10,15, </key>
<key name="databaseschema"> 17,2,3,7,9,10,15, </key>
<key name="datacollection"> 5, </key>
<key name="datacustomview"> 5, </key>
<key name="datapollior"> 3, </key>
<key name="datasourc"> 1,2, </key>
<key name="datasource_wiz"> 2, </key>
<key name="dbmenu"> 2,3,15, </key>
<key name="dbpolicy"> 9, </key>
<key name="dbpolicy0_ndx"> 9, </key>
<key name="dbutil"> 11, </key>
<key name="dcatalina"> 14, </key>
<key name="deal"> 17,2, </key>
<key name="debug"> 10, </key>
<key name="default"> 2,3,4,5,6,10,14,15, </key>
<key name="default_impl"> 4, </key>
<key name="defaultpropertyfil"> 1,15, </key>
<key name="defaultstoalluser"> 2,3,5,10,13,15, </key>
<key name="defaultstonewuser"> 2,5,10,15, </key>
<key name="defaulttoalluser"> 4,9, </key>
<key name="defaulttonewuser"> 9, </key>
<key name="defin"> 2,3,7, </key>
<key name="definition"> 3,7,9, </key>
<key name="degre"> 17, </key>
<key name="del"> 14, </key>
<key name="delet"> 3,9,10,11,13,14,15, </key>
<key name="deleteresulttoolbutton"> 10, </key>
<key name="deleteresulttoolbutton_mo"> 10, </key>
<key name="deletetemplatetoolbutton"> 10, </key>
<key name="deletetemplatetoolbutton_mo"> 10, </key>
<key name="dependenci"> 4, </key>
<key name="dependent"> 2, </key>
<key name="deployment"> 4,6,11,14,16, </key>
<key name="deploymentwizard"> 11, </key>
<key name="describ"> 14, </key>
<key name="description"> 17,4,10, </key>
<key name="design"> 4, </key>
<key name="detail"> 4,6, </key>
<key name="develop"> 2,4, </key>
<key name="developer"> 4, </key>
<key name="development"> 0,4,11, </key>
<key name="devic"> 1,2,10,11,15, </key>
<key name="deviceaudit"> 2, </key>
<key name="devicebackup"> 9, </key>
<key name="devicelist"> 2, </key>
<key name="devicelist_wiz"> 2, </key>
<key name="devicelistdetail"> 2, </key>
<key name="devicenam"> 2, </key>
<key name="deviceslistwiz"> 4, </key>
<key name="deviceuserprop"> 2, </key>
<key name="dictionary"> 15, </key>
<key name="different"> 9, </key>
<key name="dir"> 12, </key>
<key name="directori"> 17,0,1,2,3,4,5,7,8,9,10,11,12,13,14,15,16, </key>
<key name="directory"> 17,1,2,3,4,5,6,7,8,9,10,11,13,14,15,16, </key>
<key name="disabl"> 5,6,14, </key>
<key name="disaster"> 0, </key>
<key name="discard"> 17, </key>
<key name="discov"> 15, </key>
<key name="discovery"> 3,11,15, </key>
<key name="discoveryconfigurator"> 15, </key>
<key name="display"> 4,6,14, </key>
<key name="display_nam"> 0, </key>
<key name="displaynam"> 1,2,9,10, </key>
<key name="dispose_on_clos"> 2,10,15, </key>
<key name="djava"> 14, </key>
<key name="dmysql"> 14, </key>
<key name="do"> 3,7,13,14, </key>
<key name="document"> 17,3,4,15, </key>
<key name="documentation"> 4,6, </key>
<key name="don"> 5,12, </key>
<key name="download"> 1,7,12,15, </key>
<key name="downloadeachtim"> 15, </key>
<key name="downloadfil"> 2,8,15, </key>
<key name="dresource_check"> 14, </key>
<key name="drop"> 3,7,9,10,15, </key>
<key name="dtd"> 10,16, </key>
<key name="dtomcatshutdown"> 14, </key>
<key name="dwebcontain"> 14, </key>
<key name="dwebnm"> 14, </key>
<key name="dwebserv"> 14, </key>
<key name="easi"> 9, </key>
<key name="easy"> 5,7, </key>
<key name="edit"> 17, </key>
<key name="effect"> 17,3,5, </key>
<key name="ejb"> 4, </key>
<key name="ejb_jar"> 4, </key>
<key name="element"> 9, </key>
<key name="elementconfigurationresourc"> 2, </key>
<key name="elementconfigurationresourcesancillary"> 2, </key>
<key name="els"> 14, </key>
<key name="em"> 7,11, </key>
<key name="emsinventoryapi"> 10, </key>
<key name="enabl"> 1,3,6,9,10,12,15, </key>
<key name="end"> 17,11, </key>
<key name="endcreateschema"> 2,3,7,9,10,15, </key>
<key name="enddropschema"> 3,7,9,10,15, </key>
<key name="endindex"> 3,7,9,15, </key>
<key name="engin"> 4,9, </key>
<key name="englishtonativeancillary"> 4, </key>
<key name="englishtonativecomplet"> 4, </key>
<key name="ensur"> 15, </key>
<key name="enterpriseoid"> 7, </key>
<key name="entir"> 4,11,14, </key>
<key name="entri"> 17,0,1,2,3,4,5,6,7,8,9,10,11,12,13,14,15,16, </key>
<key name="entry"> 1,2,3,4,5,7,8,9,11,12,14,15, </key>
<key name="environment"> 4,11, </key>
<key name="equipment"> 10, </key>
<key name="error"> 0, </key>
<key name="etc"> 17,11, </key>
<key name="event"> 1,4,15, </key>
<key name="event_filt"> 1,15, </key>
<key name="eventdb"> 15, </key>
<key name="eventf"> 4, </key>
<key name="eventfilter_4_tl1customview"> 15, </key>
<key name="eventloggingpolicy"> 9, </key>
<key name="eventuality"> 0, </key>
<key name="every"> 3, </key>
<key name="exact"> 17, </key>
<key name="exampl"> 17,1,3,4,14,15, </key>
<key name="except"> 3,5,13, </key>
<key name="exception"> 3,14, </key>
<key name="execut"> 2,5, </key>
<key name="executedtim"> 2, </key>
<key name="executetask"> 4, </key>
<key name="executionid"> 2, </key>

</ftswdata>  
