<?xml version='1.0' encoding='ISO-8859-1' ?>
<ftswdata>
<key name="exist"> 7,14,15, </key>
<key name="explain"> 17,4, </key>
<key name="extensiv"> 6, </key>
<key name="extra"> 17, </key>
<key name="f"> 14, </key>
<key name="facilitat"> 7,8, </key>
<key name="faciliti"> 11, </key>
<key name="fals"> 2,7,9,10,14,15, </key>
<key name="fast"> 5, </key>
<key name="fault"> 11, </key>
<key name="faultobserv"> 7, </key>
<key name="fe"> 1,2,3,4,9,10,15, </key>
<key name="fedeployment"> 1,2,8,11,12,15,16, </key>
<key name="fetch"> 5, </key>
<key name="field"> 7, </key>
<key name="fil"> 17,0,1,2,3,4,5,6,7,8,9,10,11,12,13,14,15,16, </key>
<key name="filetransf"> 12, </key>
<key name="filt"> 3,15, </key>
<key name="filter"> 3,15, </key>
<key name="filter_action"> 15, </key>
<key name="final"> 11, </key>
<key name="find"> 17,0,1,2,3,4,5,7,8,9,10,12,13,14,15,16, </key>
<key name="finish"> 2, </key>
<key name="first"> 17,2,5, </key>
<key name="fold"> 4, </key>
<key name="folder"> 17,0,1,2,3,4,5,7,8,9,10,12,13,14,15,16, </key>
<key name="follow"> 17,0,1,2,3,4,5,6,7,8,9,10,11,12,13,14,15,16, </key>
<key name="font"> 5,13, </key>
<key name="format"> 17, </key>
<key name="forth"> 9, </key>
<key name="fram"> 2, </key>
<key name="framemenu"> 5,11,13, </key>
<key name="frameoption"> 2, </key>
<key name="framework"> 17,2,6,9,10,11, </key>
<key name="fromappclient"> 5, </key>
<key name="front"> 17, </key>
<key name="function"> 7,9,12, </key>
<key name="functionaliti"> 3, </key>
<key name="functionality"> 2,4,7, </key>
<key name="gasmenu"> 15, </key>
<key name="gatewayacc"> 15, </key>
<key name="gatewayacc_cyan"> 15, </key>
<key name="gatewayacc_gray"> 15, </key>
<key name="gatewayacc_green"> 15, </key>
<key name="gatewayacc_orang"> 15, </key>
<key name="gatewayacc_r"> 15, </key>
<key name="gatewayacc_yellow"> 15, </key>
<key name="gatewaymenu"> 15, </key>
<key name="gatewaynod"> 15, </key>
<key name="gatewaynode_cyan"> 15, </key>
<key name="gatewaynode_gray"> 15, </key>
<key name="gatewaynode_green"> 15, </key>
<key name="gatewaynode_orang"> 15, </key>
<key name="gatewaynode_r"> 15, </key>
<key name="gatewaynode_yellow"> 15, </key>
<key name="general"> 17, </key>
<key name="generat"> 4, </key>
<key name="gentrap"> 4, </key>
<key name="get"> 5,14, </key>
<key name="getobject"> 5, </key>
<key name="getpolicy"> 9, </key>
<key name="getstr"> 5, </key>
<key name="giv"> 17,4,8,12,13,16, </key>
<key name="given"> 3,6, </key>
<key name="go"> 5,14, </key>
<key name="goal"> 9, </key>
<key name="graph"> 4, </key>
<key name="group"> 4, </key>
<key name="groupnam"> 2,9, </key>
<key name="guest"> 2,5,9,10,15, </key>
<key name="gui"> 6,13, </key>
<key name="guid"> 17,4, </key>
<key name="guidelin"> 0,1,2,3,4,7,9,10,15, </key>
<key name="h"> 16, </key>
<key name="hang"> 15, </key>
<key name="hav"> 8, </key>
<key name="help"> 1,4,9, </key>
<key name="helpurl"> 9, </key>
<key name="henc"> 17,0,1,2,3,4,5,7,8,9,10,11,12,13,14,15,16, </key>
<key name="her"> 17, </key>
<key name="high"> 17,7,11, </key>
<key name="highlight"> 6, </key>
<key name="hom"> 17,0,1,2,3,4,5,6,7,8,9,10,11,12,13,14,15,16, </key>
<key name="host"> 1,2, </key>
<key name="how"> 11, </key>
<key name="href"> 1,2,14,15, </key>
<key name="html"> 17,1,2,3,4,5,7,9,10,11,13,14,15,16, </key>
<key name="htmladaptor"> 7, </key>
<key name="htmlport"> 7, </key>
<key name="htmlui"> 5, </key>
<key name="htmlui_mo"> 5, </key>
<key name="htmlui_session"> 5, </key>
<key name="http"> 1,7,12,14, </key>
<key name="httpd"> 14, </key>
<key name="httpport"> 7, </key>
<key name="hubmenu"> 2, </key>
<key name="human"> 0, </key>
<key name="i"> 14, </key>
<key name="icon"> 2,5,9,11,13,15, </key>
<key name="id"> 1,2,5,6,9,11,15, </key>
<key name="ideal"> 8, </key>
<key name="identifi"> 2, </key>
<key name="idl"> 3, </key>
<key name="idltojobjectstool"> 3,7,14, </key>
<key name="idltoxml"> 3, </key>
<key name="ie"> 5, </key>
<key name="if"> 17,0,1,2,3,4,5,6,7,8,9,10,11,12,13,14,15,16, </key>
<key name="ignor"> 17,0,1,2,3,4,5,7,8,9,10,11,12,13,14,15,16, </key>
<key name="imag"> 2,4,5,9,10,11,13,15, </key>
<key name="imagenam"> 2,15, </key>
<key name="imagepanel"> 2,15, </key>
<key name="implementation"> 17,4, </key>
<key name="importanc"> 0, </key>
<key name="important"> 17, </key>
<key name="includ"> 6, </key>
<key name="independent"> 3, </key>
<key name="index"> 3,5,7,9,15, </key>
<key name="individual"> 11, </key>
<key name="inf"> 4,5, </key>
<key name="infocommand"> 15, </key>
<key name="information"> 17,7,8,12, </key>
<key name="informix"> 4, </key>
<key name="ini"> 1,4,7,12,14,15,16, </key>
<key name="init"> 2,10,15, </key>
<key name="initcommand"> 15, </key>
<key name="initwebsvr"> 14, </key>
<key name="input"> 5,14,16, </key>
<key name="instal"> 5,11,14,16, </key>
<key name="install"> 5,11, </key>
<key name="installation"> 4, </key>
<key name="instead"> 5,14, </key>
<key name="instruction"> 17,0,1,2,3,4,5,7,8,9,10,11,12,13,14,15,16, </key>
<key name="integrat"> 17,11, </key>
<key name="integrator"> 10, </key>
<key name="intend"> 4, </key>
<key name="interfac"> 1,3,6,7,15, </key>
<key name="interfacefil"> 14, </key>
<key name="interfacenam"> 3, </key>
<key name="internationalization"> 4, </key>
<key name="introduc"> 17, </key>
<key name="introduction"> 17,0,1,2,3,4,5,7,8,9,10,11,12,13,14,15,16, </key>
<key name="inventory_handl"> 2, </key>
<key name="inventorydb"> 10, </key>
<key name="invocation"> 4, </key>
<key name="invok"> 17,6,8,14,15, </key>
<key name="invoke_clas"> 2,4,13, </key>
<key name="involv"> 11, </key>
<key name="ipaddres"> 1, </key>
<key name="iproutingconfiguration"> 1, </key>
<key name="item"> 1,2,4,5,13, </key>
<key name="itemnam"> 2, </key>
<key name="itself"> 17, </key>
<key name="jar"> 17,0,1,2,3,4,5,6,7,8,9,10,11,12,13,14,15,16, </key>
<key name="jasp"> 14, </key>
<key name="java"> 17,0,1,2,3,4,5,6,7,8,9,10,12,14,15,16, </key>
<key name="java_hom"> 14,16, </key>
<key name="java_servic"> 1,4,7,12,14,15,16, </key>
<key name="jaxp"> 14, </key>
<key name="jcchart"> 4, </key>
<key name="jcchart_copyright"> 4, </key>
<key name="jcchartk"> 4, </key>
<key name="jccollectedgraphhandl"> 4, </key>
<key name="jccurrentgraphhandl"> 4, </key>
<key name="jcv"> 11, </key>
<key name="jimi_classpath"> 16, </key>
<key name="jms_mod"> 10, </key>
<key name="jmsconfiguration"> 10, </key>
<key name="jmx"> 17,7,12, </key>
<key name="jmx_agent"> 7, </key>
<key name="jmx_agent_classpath"> 7, </key>
<key name="jmxagent"> 7,15, </key>
<key name="jmxstor"> 7, </key>
<key name="jndi"> 8, </key>
<key name="jnlp"> 1,2,14,15, </key>
<key name="jpg"> 11, </key>
<key name="jr"> 17,14, </key>
<key name="jre1"> 14, </key>
<key name="js"> 9, </key>
<key name="jsp"> 17,2,4,5,6,9,15, </key>
<key name="jta"> 1,14, </key>
<key name="justify"> 5, </key>
<key name="jvm"> 5, </key>
<key name="keep"> 1,12, </key>
<key name="key"> 1,2,9,10,12,15, </key>
<key name="keystr"> 9, </key>
<key name="keyword"> 1,9, </key>
<key name="languag"> 3, </key>
<key name="language1"> 15, </key>
<key name="lastmodifiedtim"> 10, </key>
<key name="launch"> 17,6,14, </key>
<key name="launcher_conf"> 17,1,4,6,7,8,11,12,14,15,16, </key>
<key name="launchervariou"> 6, </key>
<key name="launchthememanag"> 14, </key>
<key name="layoutmanag"> 10, </key>
<key name="ldap"> 17,8, </key>
<key name="ldap_jar"> 8, </key>
<key name="ldapgui"> 8, </key>
<key name="lead"> 3,14, </key>
<key name="leaf"> 2,5,9,10, </key>
<key name="length"> 2, </key>
<key name="level"> 5,7,9,15, </key>
<key name="lib"> 1,4,7,12,14,15,16, </key>
<key name="librari"> 1, </key>
<key name="licens"> 4, </key>
<key name="license_asf"> 4, </key>
<key name="license_bsh"> 4, </key>
<key name="license_comm"> 4, </key>
<key name="license_detail"> 4, </key>
<key name="license_ftp"> 4, </key>
<key name="license_jcchart"> 4, </key>
<key name="license_jcv"> 4, </key>
<key name="license_jetty"> 4, </key>
<key name="license_jimi"> 4, </key>
<key name="license_jnlp"> 4, </key>
<key name="license_jta"> 4, </key>
<key name="license_openorb"> 4, </key>
<key name="license_python"> 4, </key>
<key name="license_xml"> 4, </key>
<key name="light"> 8, </key>
<key name="lik"> 17, </key>
<key name="limitation"> 14, </key>
<key name="lin"> 17,1,3,5,14,15, </key>
<key name="linelin"> 5, </key>
<key name="link"> 17,4,5, </key>
<key name="linux"> 1,2,4,7,12,14,15,16, </key>
<key name="list"> 2,4,6, </key>
<key name="listmenu"> 1,2,11,15, </key>
<key name="load_default_policy"> 9, </key>
<key name="loadtemplat"> 10, </key>
<key name="localhost"> 1,7,12,14, </key>
<key name="localiz"> 4, </key>
<key name="location"> 10, </key>
<key name="log"> 1,2,6,9,10, </key>
<key name="logging_parameter"> 1,2,9,10, </key>
<key name="login"> 5,6, </key>
<key name="logincommand"> 15, </key>
<key name="loglevel"> 1,2,9,10, </key>
<key name="logtim"> 7, </key>

</ftswdata>  
