<?xml version='1.0' encoding='ISO-8859-1' ?>
<tocdata>
<book name="Trimming Web NMS" url="sleek_package/webnms_as_a_sleek_package_introduction.html" >
  <item name="Unplugging Directories, Jars and Files" url="sleek_package/unplugging_directories_and_jars.html" />
  <item name="Unplugging CLI and Telnet Components" url="sleek_package/unplugging_cli_and_telnet_components.html" />
  <item name="Unplugging CORBA" url="sleek_package/unplugging_corba.html" />
  <item name="Unplugging TL1" url="sleek_package/unplugging_tl1.html" />
  <item name="Unplugging Backup Services" url="sleek_package/unplugging_backup_services.html" />
  <item name="Unplugging Configuration Service" url="sleek_package/unplugging_configuration_service.html" />
  <item name="Unplugging JMX Service" url="sleek_package/unplugging_jmx_service.html" />
  <item name="Unplugging Policy Service" url="sleek_package/unplugging_policy_service.html" />
  <item name="Unplugging Provisioning Service" url="sleek_package/unplugging_provisioning_service.html" />
  <item name="Unplugging TFTP Service" url="sleek_package/unplugging_tftp_service.html" />
  <item name="Unplugging Themes" url="sleek_package/unplugging_themes.html" />
  <item name="Unplugging Studio Components" url="sleek_package/unplugging_studio_components.html" />
  <item name="Unplugging UpdateManager Tool" url="sleek_package/unplugging_updatemanager_tool.html" />
  <item name="Unplugging Third party Software" url="sleek_package/unplugging_third_party_software.html" />
  <item name="Unplugging Web Client" url="sleek_package/unplugging_htmlui.html" />
  <item name="Unplugging Java UI" url="sleek_package/unplugging_java_ui.html" />
</book>

</tocdata>
