<?xml version="1.0" encoding="UTF-8"?>
<SQL_DATA_TYPES>
	<DATABASE name="ORACLE" version="">
		<COLTYPE javaType="boolean" sqlType="VARCHAR" fieldSize="10"/>
		<COLTYPE javaType="int" sqlType="INTEGER"/>
		<COLTYPE javaType="long" sqlType="NUMBER"/>
		<COLTYPE javaType="float" sqlType="FLOAT"/>
		<COLTYPE javaType="String" sqlType="VARCHAR" fieldSize="50"/>
		<COLTYPE javaType="Date" sqlType="DATE"/>
		<COLTYPE javaType="Time" sqlType="DATE"/>
		<COLTYPE javaType="Timestamp" sqlType="DATE"/>
	<COLTYPE javaType="double" sqlType="FLOAT"/></DATABASE>	
	<DATABASE name="MySQL" version="">
		<COLTYPE javaType="boolean" sqlType="VARCHAR" fieldSize="10"/>
		<COLTYPE javaType="int" sqlType="INTEGER"/>
		<COLTYPE javaType="long" sqlType="BIGINT"/>
		<COLTYPE javaType="float" sqlType="FLOAT" fieldSize="53"/>
		<COLTYPE javaType="String" sqlType="VARCHAR" fieldSize="50"/>
		<COLTYPE javaType="Date" sqlType="DATE"/>
		<COLTYPE javaType="Time" sqlType="TIME"/>
		<COLTYPE javaType="Timestamp" sqlType="DATETIME"/>
	<COLTYPE javaType="double" sqlType="FLOAT" fieldSize="53"/></DATABASE>	
	<DATABASE name="MSSQL" version="">
		<COLTYPE javaType="boolean" sqlType="VARCHAR" fieldSize="10"/>
		<COLTYPE javaType="int" sqlType="INTEGER"/>
		<COLTYPE javaType="long" sqlType="NUMERIC"/>
		<COLTYPE javaType="float" sqlType="FLOAT"/>
		<COLTYPE javaType="String" sqlType="VARCHAR" fieldSize="50"/>
		<COLTYPE javaType="Date" sqlType="DATETIME"/>
		<COLTYPE javaType="Time" sqlType="DATETIME"/>
		<COLTYPE javaType="Timestamp" sqlType="DATETIME"/>
	<COLTYPE javaType="double" sqlType="FLOAT"/></DATABASE>	
	<DATABASE name="SYBASE" version="">
		<COLTYPE javaType="boolean" sqlType="VARCHAR" fieldSize="10"/>
		<COLTYPE javaType="int" sqlType="INTEGER"/>
		<COLTYPE javaType="long" sqlType="NUMERIC"/>
		<COLTYPE javaType="float" sqlType="FLOAT"/>
		<COLTYPE javaType="String" sqlType="VARCHAR" fieldSize="50"/>
		<COLTYPE javaType="Date" sqlType="DATETIME"/>
		<COLTYPE javaType="Time" sqlType="DATETIME"/>
		<COLTYPE javaType="Timestamp" sqlType="DATETIME"/>
	<COLTYPE javaType="double" sqlType="FLOAT"/></DATABASE>	
	<DATABASE name="SOLID" version="">
		<COLTYPE javaType="boolean" sqlType="VARCHAR" fieldSize="10"/>
		<COLTYPE javaType="int" sqlType="INTEGER"/>
		<COLTYPE javaType="long" sqlType="NUMERIC"/>
		<COLTYPE javaType="float" sqlType="FLOAT"/>
		<COLTYPE javaType="String" sqlType="VARCHAR" fieldSize="50"/>
		<COLTYPE javaType="Date" sqlType="DATE"/>
		<COLTYPE javaType="Time" sqlType="TIME"/>
		<COLTYPE javaType="Timestamp" sqlType="TIMESTAMP"/>
	<COLTYPE javaType="double" sqlType="FLOAT"/></DATABASE>	
<DATABASE name="Timesten" version="">
						<COLTYPE javaType="boolean" sqlType="VARCHAR" fieldSize="10"/>
						<COLTYPE javaType="int" sqlType="INTEGER"/>
						<COLTYPE javaType="long" sqlType="NUMERIC"/>
						<COLTYPE javaType="float" sqlType="FLOAT"/>
						<COLTYPE javaType="String" sqlType="VARCHAR" fieldSize="100"/>
						<COLTYPE javaType="Date" sqlType="DATE"/>
						<COLTYPE javaType="Time" sqlType="DATE"/>
						<COLTYPE javaType="Timestamp" sqlType="DATE"/>
						<COLTYPE javaType="double" sqlType="FLOAT"/>
					</DATABASE></SQL_DATA_TYPES>