<!DOCTYPE PANELMENUBAR SYSTEM "panelmenubar.dtd">
<PANELMENUBAR name="ALERTMENU">
	<MENU name = "Custom Views"
		shortcut_key = "C">
		<MENU-ITEM name = "Add Custom View">
			<HTML-UI
			     action_link="../jsp/CreateAlertCustom.jsp?radio=${radio}&amp;displayName=${displayName}"
			     target="center">
			</HTML-UI>
			<JAVA-UI
			     action_command = "Add Custom View"
			     shortcut_key = "A"
                 accelerator_modifier="CNTRL"
                 accelerator_key="V">
			</JAVA-UI>
		</MENU-ITEM>
		<MENU-ITEM name = "Remove Custom View">
			<HTML-UI
			     action_link = "../jsp/ConfirmRemoval.jsp?moduleName=alarms&amp;radio=${radio}&amp;displayName=${displayName}"
			     target="center">
			</HTML-UI>
			<JAVA-UI
			     action_command = "Remove Custom View"
			     shortcut_key = "R"
	             accelerator_modifier="CNTRL"
      	         accelerator_key="C">
			</JAVA-UI>
      	</MENU-ITEM>
      	<MENU-ITEM name = "Modify Custom View">
			<HTML-UI
                                action_link= "../jsp/EditAlertCustomView.jsp?radio=${radio}&amp;displayName=${displayName}"
			     target="center">
			</HTML-UI>
			<JAVA-UI
			     action_command = "Filter Settings"
          		 shortcut_key = "M"
                 accelerator_modifier="CNTRL"
                 accelerator_key="M">
			</JAVA-UI>
		</MENU-ITEM>
		<MENU-ITEM name = "Save Custom View State">
			<JAVA-UI
					action_command = "Save Custom View State"
					shortcut_key = "S"
	                accelerator_modifier="CNTRL"
					accelerator_key="S">
			</JAVA-UI>
		</MENU-ITEM>

		<MENU-ITEM name = "Rename Custom View"
				action_command = "Rename Custom View"
				shortcut_key = "N"
				accelerator_key="F2">
		</MENU-ITEM>
      </MENU>
	<MENU name = "Edit"
		shortcut_key = "E">

		<MENU-ITEM-GROUP name="Configure">
	           <MENU-ITEM name = "Alarm Filters"
				action_command = "Administration"				     
				shortcut_key = "A"
			    accelerator_modifier="CNTRL-SHIFT"
			    accelerator_key="A">
                     <OPERATION name="Alert Filters"/>
		     </MENU-ITEM>
		</MENU-ITEM-GROUP>
		<MENU-ITEM name = "SEPARATOR">
		</MENU-ITEM>
		<MENU-ITEM name = "Delete"
			     action_command = "Delete"
			     shortcut_key = "R"
      	         accelerator_modifier="CNTRL"
            	 accelerator_key="R">
                <OPERATION name="Delete Alerts"/>
		</MENU-ITEM>
      	<MENU-ITEM name = "Pick Up / UnPick"
			     action_command = "Pick Up"
			     shortcut_key = "P"
			     accelerator_modifier="CNTRL"
			     accelerator_key="U">
		</MENU-ITEM>
      	<MENU-ITEM name = "Clear"
			     action_command = "Clear"
			     shortcut_key = "C"
			     accelerator_modifier="CNTRL"
			     accelerator_key="L">
		</MENU-ITEM>
		<MENU-ITEM name = "SEPARATOR">
		</MENU-ITEM>
		
      	<MENU-ITEM name = "Search"
			     action_command = "Search"
             	 shortcut_key = "S"
             	 accelerator_modifier="CNTRL"
                 accelerator_key="F">
		</MENU-ITEM>
	</MENU>

	<MENU name = "View"
		shortcut_key = "V">
           	<MENU-ITEM name = "Details"
			     action_command = "Details"
			     shortcut_key = "D"
      	         accelerator_modifier="ALT"
            	 accelerator_key="D">
		</MENU-ITEM>
		<MENU-ITEM name = "SEPARATOR">
		</MENU-ITEM>
		
           	<MENU-ITEM name = "Events"
			     action_command = "Events"
			     shortcut_key = "E"
	             accelerator_modifier="CNTRL"
       	         accelerator_key="E">
		</MENU-ITEM>
		<MENU-ITEM name = "SEPARATOR">
		</MENU-ITEM>
		
		<MENU-ITEM name = "Refresh"
			     action_command = "Refresh"
			     shortcut_key = "R"
      	         accelerator_key="F5">
		</MENU-ITEM>
	</MENU>
	<MENU name = "Actions"
			shortcut_key = "A">
      	    
		   <MENU-ITEM name = "Save To File"
			        action_command = "Save"
				    shortcut_key = "S"
                  	accelerator_modifier="CNTRL"
                  	accelerator_key="I">
		</MENU-ITEM>
      	<MENU-ITEM name = "Print"
			     action_command = "Print"
			     shortcut_key = "P"
                 accelerator_modifier="CNTRL"
                 accelerator_key="P">
		</MENU-ITEM>
	</MENU>
</PANELMENUBAR>



