<!DOCTYPE TOOLBARS SYSTEM "toolbar.dtd">
<!-- This File Specifies the ToolBar Structure -->
<!-- The User can Customize it with his own icons and commands -->
<!-- Here PANEL-KEY is to identify the internal panel corresponing, -->
<!-- to the node in tree -->
<!-- TOOLBAR-BUTTON describes the Button properties -->
<TOOLBARS>
<PANEL-KEY name="Default">
     <TOOLBAR-BUTTON
           action_command="Back"
           tooltip="Go Back to Previous"
           image="../images/goback.png">
     </TOOLBAR-BUTTON>
     <TOOLBAR-BUTTON
           action_command="Forward"
           tooltip="Go Forward to Next"
           image="../images/goforward.png">
     </TOOLBAR-BUTTON>
     <TOOLBAR-BUTTON
          name="Separator">
     </TOOLBAR-BUTTON>
   
     <TOOLBAR-BUTTON
           action_command="Refresh"
           tooltip="Refresh"
           image="../images/refresh.png">
     </TOOLBAR-BUTTON>
     <TOOLBAR-BUTTON
           action_command = "Add Custom View"
	     tooltip="Add/Modify Custom View"
           image="../images/addcustom.png">
     </TOOLBAR-BUTTON>
      <TOOLBAR-BUTTON
  	      action_command = "Remove Custom View"
		tooltip="Remove Custom view"
        	image="../images/removecustom.png">
     </TOOLBAR-BUTTON>
     <TOOLBAR-BUTTON
          	name="Separator">
     </TOOLBAR-BUTTON>
     <TOOLBAR-BUTTON
           action_command="find"
           tooltip="Find"
           image="../images/find.png">
     </TOOLBAR-BUTTON>
      <TOOLBAR-BUTTON
           action_command="cut"
           tooltip="Delete"
           image="../images/delete.png">
     </TOOLBAR-BUTTON>
     <TOOLBAR-BUTTON
          	name="Separator">
     </TOOLBAR-BUTTON>
     <TOOLBAR-BUTTON
           action_command="Detach"
           tooltip="Detach Current Window"
           image="../images/detach.png">
     </TOOLBAR-BUTTON>
     <TOOLBAR-BUTTON
           action_command="SystemAdmin"
           tooltip="System Administration"
           image="../images/sysadmin.png">
     </TOOLBAR-BUTTON>
	 <TOOLBAR-BUTTON
           action_command="htmlui"
           tooltip="HTML UI"
           image="../images/htmlui.png">
     </TOOLBAR-BUTTON>
 
     <TOOLBAR-BUTTON
           action_command="stop"
           tooltip="Stop"
           image="../images/stop.png">
     </TOOLBAR-BUTTON>
     <TOOLBAR-BUTTON
           action_command="help"
           tooltip="Help"
           image="../images/toolhelp.png">
     </TOOLBAR-BUTTON>
</PANEL-KEY>
<PANEL-KEY name="EventBrowser">
     <TOOLBAR-BUTTON
           action_command="Back"
           tooltip="Go Back to Previous"
           image="../images/goback.png">
     </TOOLBAR-BUTTON>
     <TOOLBAR-BUTTON
           action_command="Forward"
           tooltip="Go Forward to Next"
           image="../images/goforward.png">
     </TOOLBAR-BUTTON>
     <TOOLBAR-BUTTON
          name="Separator">
     </TOOLBAR-BUTTON>
      <TOOLBAR-BUTTON
           action_command="save"
           tooltip="Save"
           image="../images/file.png">
     </TOOLBAR-BUTTON>
     <TOOLBAR-BUTTON
           action_command="print"
           tooltip="Print"
           image="../images/print.png">
     </TOOLBAR-BUTTON>
     <TOOLBAR-BUTTON
           action_command="Refresh"
           tooltip="Refresh"
           image="../images/refresh.png">
     </TOOLBAR-BUTTON>
     <TOOLBAR-BUTTON
           action_command = "Add Custom View"
	     tooltip="Add/Modify Custom View"
           image="../images/addcustom.png">
     </TOOLBAR-BUTTON>
      <TOOLBAR-BUTTON
  	      action_command = "Remove Custom View"
		tooltip="Remove Custom view"
        	image="../images/removecustom.png">
     </TOOLBAR-BUTTON>
     <TOOLBAR-BUTTON
          	name="Separator">
     </TOOLBAR-BUTTON>
     <TOOLBAR-BUTTON
           action_command="find"
           tooltip="Find"
           image="../images/find.png">
     </TOOLBAR-BUTTON>
     <TOOLBAR-BUTTON
          	name="Separator">
     </TOOLBAR-BUTTON>
     <TOOLBAR-BUTTON
           action_command="Detach"
           tooltip="Detach Current Window"
           image="../images/detach.png">
     </TOOLBAR-BUTTON>
     <TOOLBAR-BUTTON
           action_command="SystemAdmin"
           tooltip="System Administration"
           image="../images/sysadmin.png">
     </TOOLBAR-BUTTON>
	 <TOOLBAR-BUTTON
           action_command="htmlui"
           tooltip="HTML UI"
           image="../images/htmlui.png">
     </TOOLBAR-BUTTON>
 
     <TOOLBAR-BUTTON
           action_command="stop"
           tooltip="Stop"
           image="../images/stop.png">
     </TOOLBAR-BUTTON>
     <TOOLBAR-BUTTON
           action_command="help"
           tooltip="Help"
           image="../images/toolhelp.png">
     </TOOLBAR-BUTTON>
</PANEL-KEY>
<PANEL-KEY name="MapApplet">
	<TOOLBAR-BUTTON
           action_command="Back"
           tooltip="Go Back to Previous"
           image="../images/goback.png">
     	</TOOLBAR-BUTTON>
	<TOOLBAR-BUTTON
           action_command="Forward"
           tooltip="Go Forward to Next"
           image="../images/goforward.png">
     </TOOLBAR-BUTTON>
     <TOOLBAR-BUTTON
        	name="Separator">
     </TOOLBAR-BUTTON>
     <TOOLBAR-BUTTON
           action_command="save"
           tooltip="Save"
           image="../images/file.png">
     </TOOLBAR-BUTTON>
     <TOOLBAR-BUTTON
           action_command="Refresh"
           tooltip="Refresh"
           image="../images/refresh.png">
     </TOOLBAR-BUTTON>
     <TOOLBAR-BUTTON
           action_command = "Relayout Map"
	   tooltip="Relayout The Map"
           image="../images/relayout.png">
     </TOOLBAR-BUTTON>
     <TOOLBAR-BUTTON
           action_command = "Add New Map"
	   tooltip="Add New Map"
           image="../images/addnewmap.png">
     </TOOLBAR-BUTTON>
     <TOOLBAR-BUTTON
           action_command = "Delete Map"
	   tooltip="Delete The Map"
           image="../images/removecustom.png">
     </TOOLBAR-BUTTON>
     <TOOLBAR-BUTTON
        	name="Separator">
     </TOOLBAR-BUTTON>
     <TOOLBAR-BUTTON
           action_command="find"
           tooltip="Find"
           image="../images/find.png">
     </TOOLBAR-BUTTON>
      <TOOLBAR-BUTTON
           action_command = "addsymbol"
           action_type = "function"
           action_value = "addsymbol"
           tooltip="Add Symbol"
           image="../images/addobj.png">
     </TOOLBAR-BUTTON>
     <TOOLBAR-BUTTON
           action_command = "addcontainer"
           action_type = "function"
           action_value = "addcontainer"
           tooltip="Add Container"
           image="../images/addcontainer.png">
     </TOOLBAR-BUTTON>
     <TOOLBAR-BUTTON
           action_command = "addlink"
           action_type = "function"
           action_value = "addlink"
           tooltip="Add Link"
           image="../images/addlink.png">
     </TOOLBAR-BUTTON>
     <TOOLBAR-BUTTON
           action_command="cut"
           tooltip="Delete"
           image="../images/delete.png">
     </TOOLBAR-BUTTON>
     <TOOLBAR-BUTTON
           action_command = "undo"
           action_type = "function"
           action_value = "undo"
           tooltip="Undo Add/Delete"
           image="../images/maintoolundo.png">
     </TOOLBAR-BUTTON>
     <TOOLBAR-BUTTON
           action_command = "properties"
           action_type = "function"
           action_value = "properties"
           tooltip="Properties"
           image="../images/properties.png">
     </TOOLBAR-BUTTON>
     <TOOLBAR-BUTTON
        	name="Separator">
     </TOOLBAR-BUTTON>
     <TOOLBAR-BUTTON
           action_command="Detach"
           tooltip="Detach Current Window"
           image="../images/detach.png">
     </TOOLBAR-BUTTON>
     <TOOLBAR-BUTTON
           action_command="SystemAdmin"
           tooltip="System Administration"
           image="../images/sysadmin.png">
     </TOOLBAR-BUTTON>
	 <TOOLBAR-BUTTON
           action_command="htmlui"
           tooltip="HTML UI"
           image="../images/htmlui.png">
     </TOOLBAR-BUTTON>
 
     <TOOLBAR-BUTTON
           action_command="stop"
           tooltip="Stop"
           image="../images/stop.png">
     </TOOLBAR-BUTTON>
     <TOOLBAR-BUTTON
           action_command="help"
           tooltip="Help"
           image="../images/toolhelp.png">
     </TOOLBAR-BUTTON>
	 <TOOLBAR-BUTTON
           action_command="INVOKE_CLASS:test.StartMapClientExample"
           tooltip="Start MapClientExample"
           image="../images/detach.png">
     </TOOLBAR-BUTTON>
</PANEL-KEY>

<PANEL-KEY name="PolicyPanel">
	<TOOLBAR-BUTTON
           action_command="Back"
           tooltip="Go Back to Previous"
           image="../images/goback.png">
     </TOOLBAR-BUTTON>
	<TOOLBAR-BUTTON
           action_command="Forward"
           tooltip="Go Forward to Next"
           image="../images/goforward.png">
     </TOOLBAR-BUTTON>
     <TOOLBAR-BUTTON
        	name="Separator">
     </TOOLBAR-BUTTON>
      <TOOLBAR-BUTTON
           action_command="Refresh"
           tooltip="Refresh"
           image="../images/refresh.png">
     </TOOLBAR-BUTTON>
     <TOOLBAR-BUTTON
           action_command="Search"
           tooltip="Find"
           image="../images/find.png">
     </TOOLBAR-BUTTON>
     <TOOLBAR-BUTTON
        	name="Separator">
     </TOOLBAR-BUTTON>
     <TOOLBAR-BUTTON
           action_command="Detach"
           tooltip="Detach Current Window"
           image="../images/detach.png">
     </TOOLBAR-BUTTON>
     <TOOLBAR-BUTTON
           action_command="SystemAdmin"
           tooltip="System Administration"
           image="../images/sysadmin.png">
     </TOOLBAR-BUTTON>
	 <TOOLBAR-BUTTON
           action_command="htmlui"
           tooltip="HTML UI"
           image="../images/htmlui.png">
     </TOOLBAR-BUTTON>
 
     <TOOLBAR-BUTTON
           action_command="help"
           tooltip="Help"
           image="../images/toolhelp.png">
     </TOOLBAR-BUTTON>
</PANEL-KEY>

<PANEL-KEY name="MibBrowser">
	<TOOLBAR-BUTTON
           action_command="Back"
           tooltip="Go Back to Previous"
           image="../images/goback.png">
     </TOOLBAR-BUTTON>
	<TOOLBAR-BUTTON
           action_command="Forward"
           tooltip="Go Forward to Next"
           image="../images/goforward.png">
     </TOOLBAR-BUTTON>
     <TOOLBAR-BUTTON
        	name="Separator">
     </TOOLBAR-BUTTON>
	<TOOLBAR-BUTTON
           action_command="Detach"
           tooltip="Detach Current Window"
           image="../images/detach.png">
     </TOOLBAR-BUTTON>
     <TOOLBAR-BUTTON
           action_command ="SystemAdmin"
           tooltip="System Administration"
           image="../images/sysadmin.png">
     </TOOLBAR-BUTTON>
	 <TOOLBAR-BUTTON
           action_command="htmlui"
           tooltip="HTML UI"
           image="../images/htmlui.png">
     </TOOLBAR-BUTTON>
 
     <TOOLBAR-BUTTON
           action_command="help"
           tooltip="Help"
           image="../images/toolhelp.png">
     </TOOLBAR-BUTTON>
</PANEL-KEY>
<PANEL-KEY name="AlertApplet">
     <TOOLBAR-BUTTON
           action_command="Back"
           tooltip="Go Back to Previous"
           image="../images/goback.png">
     </TOOLBAR-BUTTON>
     <TOOLBAR-BUTTON
           action_command="Forward"
           tooltip="Go Forward to Next"
           image="../images/goforward.png">
     </TOOLBAR-BUTTON>
     <TOOLBAR-BUTTON
          name="Separator">
     </TOOLBAR-BUTTON>
      <TOOLBAR-BUTTON
           action_command="save"
           tooltip="Save"
           image="../images/file.png">
     </TOOLBAR-BUTTON>
     <TOOLBAR-BUTTON
           action_command="print"
           tooltip="Print"
           image="../images/print.png">
     </TOOLBAR-BUTTON>
     <TOOLBAR-BUTTON
           action_command="Refresh"
           tooltip="Refresh"
           image="../images/refresh.png">
     </TOOLBAR-BUTTON>
     <TOOLBAR-BUTTON
           action_command = "Add Custom View"
	     tooltip="Add/Modify Custom View"
           image="../images/addcustom.png">
     </TOOLBAR-BUTTON>
      <TOOLBAR-BUTTON
  	      action_command = "Remove Custom View"
		tooltip="Remove Custom view"
        	image="../images/removecustom.png">
     </TOOLBAR-BUTTON>
     <TOOLBAR-BUTTON
          	name="Separator">
     </TOOLBAR-BUTTON>
     <TOOLBAR-BUTTON
           action_command="find"
           tooltip="Find"
           image="../images/find.png">
     </TOOLBAR-BUTTON>
      <TOOLBAR-BUTTON
           action_command="cut"
           tooltip="Delete"
           image="../images/delete.png">
     </TOOLBAR-BUTTON>
     <TOOLBAR-BUTTON
          	name="Separator">
     </TOOLBAR-BUTTON>
     <TOOLBAR-BUTTON
           action_command="Detach"
           tooltip="Detach Current Window"
           image="../images/detach.png">
     </TOOLBAR-BUTTON>
     <TOOLBAR-BUTTON
           action_command="SystemAdmin"
           tooltip="System Administration"
           image="../images/sysadmin.png">
     </TOOLBAR-BUTTON>
	 <TOOLBAR-BUTTON
           action_command="htmlui"
           tooltip="HTML UI"
           image="../images/htmlui.png">
     </TOOLBAR-BUTTON>
 
     <TOOLBAR-BUTTON
           action_command="stop"
           tooltip="Stop"
           image="../images/stop.png">
     </TOOLBAR-BUTTON>
     <TOOLBAR-BUTTON
           action_command="help"
           tooltip="Help"
           image="../images/toolhelp.png">
     </TOOLBAR-BUTTON>
</PANEL-KEY>

</TOOLBARS>
