<?xml version="1.0" encoding="UTF-8"?>
<MO_OBJECTS>
<CLASS name="com.adventnet.nms.topodb.ManagedObject"/>
<CLASS name="com.adventnet.nms.topodb.SnmpNode"/>
<CLASS name="com.adventnet.nms.topodb.Node"/>
<CLASS name="com.adventnet.nms.topodb.IpAddress"/>
<CLASS name="com.adventnet.nms.topodb.TopoObject"/>
<CLASS name="com.adventnet.nms.topodb.Network"/>
<CLASS name="com.adventnet.nms.topodb.SnmpInterface"/>
<CLASS name="com.adventnet.nms.topodb.tl1.TL1Node"/>
<CLASS name="com.adventnet.nms.topodb.tl1.TL1Interface"/>
<CLASS name="com.adventnet.nms.topodb.corba.CORBANode"/>
<CLASS name="com.test.ExtendedSnmpInterface"/>
<CLASS name="com.test.ExtendedIpAddress"/>
</MO_OBJECTS>
