<?xml version="1.0" encoding="ISO-8859-1"?>
<DEVICE-DATA ICON-FILE="images/logo.png" TARGET="center" Client="All" ID="AdventNet" URL="jsp/ShowImage.jsp?imageName=../images/screen.png" MODULE-NAME="Default" TREE-NAME="AdventNet Web NMS">
<DEVICE-GROUP ICON-FILE="images/panel.png" TARGET="center" Client="All" ID="WebNMS-Panels" URL="jsp/ShowImage.jsp?imageName=../images/screen.png" MODULE-NAME="Default" TREE-NAME="Applications">
<DEVICE TARGET="center" ICON-FILE="images/maps.png" ID="Maps" MENU-FILE-NAME="mapmenu.xml" Client="All" PANEL-KEY="MapApplet" TREE-NAME="Network Maps" MODULE-NAME="Default" URL="jsp/GetMaps.jsp"/>
<DEVICE PANEL-NAME="com.adventnet.nms.util.ImagePanel" DEFAULT-CLOSE-OPERATION="DISPOSE_ON_CLOSE" ICON-FILE="images/faulttreeicon.png" TARGET="center" IMAGE-NAME="images/faultmain.png" MODULE-NAME="Default" ID="Fault" INIT-ON-STARTUP="false" URL="jsp/ShowImage.jsp?imageName=../images/faultmain.png" PANEL-KEY="Fault" Client="All" TREE-NAME="Fault Management">
<LEVEL-1 ICON-FILE="images/event.png" TARGET="center" MODULE-NAME="Events" MENU-FILE-NAME="eventsmenu.xml" TABLE-COLUMNS="Status=severity=55;Source=source=135;Date=time=155;Message=text=275;" ID="Events" TABLE-POPUP-MENU="View" TREE-POPUP-MENU="Custom Views,frameoptions.xml,TreeOperations.xml" URL="jsp/GetEvents.jsp" PANEL-KEY="EventBrowser" Client="All" TREE-NAME="Network Events"/>
<LEVEL-1 ICON-FILE="images/alarm.png" TARGET="center" MODULE-NAME="Alerts" MENU-FILE-NAME="alertsmenu.xml" TABLE-COLUMNS="Status=severity=55;Failure Object=entity=135;Alarm Group=groupName=150;Owner=who=60;Date/Time=modTime=155;Alarm Message=message=275;" ID="Alerts" TABLE-POPUP-MENU="View" TREE-POPUP-MENU="Custom Views,frameoptions.xml,TreeOperations.xml" URL="jsp/GetAlerts.jsp" PANEL-KEY="AlertApplet" Client="All" TREE-NAME="Alarms"/>
</DEVICE>
<DEVICE DEFAULT-CLOSE-OPERATION="DISPOSE_ON_CLOSE" INIT-ON-STARTUP="false" IMAGE-NAME="images/configmain.png" PANEL-KEY="Configuration" TREE-NAME="Configuration" FRAME-TITLE="Configuration Management" TARGET="center" Client="Java" ID="Configuration" URL="jsp/ShowImage.jsp?imageName=../images/configmain.png" PANEL-NAME="com.adventnet.nms.util.ImagePanel" MODULE-NAME="Default" ICON-FILE="images/configmgmttreeicon.png">
<DEVICE ICON-FILE="images/batchconfigtreeicon.png" ID="Batch Configuration" MENU-FILE-NAME="configmenu.xml" TABLE-POPUP-MENU="View" Client="Java" PANEL-NAME="com.adventnet.nms.config.ConfigPanel" TREE-NAME="Batch Configuration" TREE-POPUP-MENU="configmenu.xml" MODULE-NAME="Default"/>
<DEVICE PANEL-NAME="com.adventnet.nms.config.ConfigAuditBrowser" PARENT-ID="Configuration" ICON-FILE="images/audit.png" VIEW-LENGTH="20" MODULE-NAME="Audit" MENU-FILE-NAME="configauditmenu.xml" TABLE-COLUMNS="Task Name=taskName=150;Device Name=deviceName=75;Start Time=timeOfStart=75;Finish Time=timeOfFinish=75;Status=status=75;" ID="ConfigAudit" TREE-POPUP-MENU="Custom Views,frameoptions.xml,TreeOperations.xml" TABLE-POPUP-MENU="View" PANEL-KEY="ConfigAuditBrowser" TREE-NAME="Audit"/>
</DEVICE>
<DEVICE DEFAULT-CLOSE-OPERATION="DISPOSE_ON_CLOSE" INIT-ON-STARTUP="false" IMAGE-NAME="images/provisioningMain.png" PANEL-KEY="Provisioning" TREE-NAME="Provisioning" FRAME-TITLE="Provisioning Framework" TARGET="center" Client="Java" URL="jsp/ShowImage.jsp?imageName=../images/provisioningMain.png" ID="Provisioning" MODULE-NAME="Default" PANEL-NAME="com.adventnet.nms.util.ImagePanel" ICON-FILE="images/provisioningTreeIcon.png">
<LEVEL-1 MODULE-NAME="Default" ICON-FILE="images/templatesTreeIcon.png" TABLE-POPUP-MENU="Templates" PANEL-KEY="ProvisioningTemplatesPanel" TREE-POPUP-MENU="provisioningmenu.xml" MENU-FILE-NAME="provisioningmenu.xml" PANEL-NAME="com.adventnet.nms.provisioning.ui.ProvisioningTemplatesPanel" Client="Java" TREE-NAME="Templates" ID="Templates"/>
<LEVEL-1 MODULE-NAME="Default" ICON-FILE="images/operationsTreeIcon.png" TABLE-POPUP-MENU="ActivityList" PANEL-KEY="ProvisioningOperationsPanel" TREE-POPUP-MENU="provisioningoperationsmenu.xml" MENU-FILE-NAME="provisioningoperationsmenu.xml" PANEL-NAME="com.adventnet.nms.provisioning.ui.ProvisioningOperationsPanel" Client="Java" TREE-NAME="ActivityList" ID="ActivityList"/>
</DEVICE>
<DEVICE PANEL-NAME="com.adventnet.nms.util.ImagePanel" DEFAULT-CLOSE-OPERATION="DISPOSE_ON_CLOSE" ICON-FILE="images/perfmgmttreeicon.png" TARGET="center" IMAGE-NAME="images/perfmgmtmain.png" MODULE-NAME="Default" ID="Performance" INIT-ON-STARTUP="false" URL="jsp/ShowImage.jsp?imageName=../images/perfmgmtmain.png" PANEL-KEY="Performance" Client="All" TREE-NAME="Performance">
<LEVEL-1 ICON-FILE="images/configcollecttreeicon.png" TARGET="center" MODULE-NAME="Stats Admin" MENU-FILE-NAME="pollmenu.xml" TABLE-COLUMNS="Statistic Name=name=160;Poll Id=id=40;DNS Name=dnsName=160;Data Identifier=oid=100;Community=community=75;Interval=period=60;Active=active=30;Multiple=isMultiplePolledData=30;" ID="Stats Admin" TABLE-POPUP-MENU="View" TREE-POPUP-MENU="Custom Views,frameoptions.xml,TreeOperations.xml" URL="jsp/Report.jsp" PANEL-KEY="StatsAdminPanel" Client="All" TREE-NAME="Configured Collection"/>
</DEVICE>
<DEVICE TABLE-COLUMNS="Name=name=150;IPAddress=ipAddress=100;Status=status=70;Type=type=90;IsSnmp=isSNMP=65;NetMask=netmask=100;" Client="All" TREE-NAME="Network Database" PANEL-KEY="NmsListView" ICON-FILE="images/ntwkdbtreeicon.png" TARGET="center" TREE-POPUP-MENU="Custom Views,frameoptions.xml,TreeOperations.xml" ID="Network Database" URL="jsp/NetTable.jsp" MODULE-NAME="Network Database" MENU-FILE-NAME="dbmenu.xml">
<LEVEL-1 TREE-NAME="Networks" VIEW-LENGTH="25" DEVICE-REF="Network Database" TREE-POPUP-MENU="Custom Views,frameoptions.xml,TreeOperations.xml" ICON-FILE="images/networktreeicon.png" MODULE-NAME="Network Database" ID="Network Database.Networks" TARGET="center" PANEL-KEY="NmsListView" MENU-FILE-NAME="dbmenu.xml" TABLE-COLUMNS="Name=name=75;Type=type=75;IPAddress=ipAddress=75;NetMask=netmask=75;Discover=discover=75;Status=status=75;Last Status ChangeTime=statusChangeTime=75" VIEW-CRITERIA="isNetwork=true;" Client="All" URL="jsp/NetTable.jsp"/>
<LEVEL-1 TREE-NAME="Nodes" VIEW-LENGTH="25" DEVICE-REF="Network Database" TREE-POPUP-MENU="Custom Views,frameoptions.xml,TreeOperations.xml" ICON-FILE="images/nodetreeicon.png" MODULE-NAME="Network Database" ID="Network Database.Nodes" TARGET="center" PANEL-KEY="NmsListView" MENU-FILE-NAME="dbmenu.xml" TABLE-COLUMNS="Name=name=75;Type=type=75;IPAddress=ipAddress=75;NetMask=netmask=75;IsSNMP=isSNMP=75;Status=status=75;Last Status ChangeTime=statusChangeTime=75;" VIEW-CRITERIA="isNode=true;" Client="All" URL="jsp/NetTable.jsp"/>
<LEVEL-1 TREE-NAME="Interfaces" VIEW-LENGTH="25" DEVICE-REF="Network Database" TREE-POPUP-MENU="Custom Views,frameoptions.xml,TreeOperations.xml" ICON-FILE="images/redDot.png" MODULE-NAME="Network Database" ID="Network Database.Interfaces" TARGET="center" PANEL-KEY="NmsListView" MENU-FILE-NAME="dbmenu.xml" TABLE-COLUMNS="Name=name=75;Type=type=75;IPAddress=ipAddress=75;NetMask=netmask=75;IsSNMP=isSNMP=75;Status=status=75;Last Status ChangeTime=statusChangeTime=75;" VIEW-CRITERIA="isInterface=true;" Client="All" URL="jsp/NetTable.jsp"/>
<LEVEL-1 VIEW-LENGTH="25" MENU-FILE-NAME="dbmenu.xml" Client="All" DEVICE-REF="Network Database" TARGET="center" MODULE-NAME="Network Database" URL="jsp/NetTable.jsp" TABLE-COLUMNS="Name=name=93;IPAddress=ipAddress=87;NetMask=netmask=91;SNMP Version=version=91;System Description=sysDescr=116;Port Count=numPorts=122;Status=status=99;Last StatusChangeTime=statusChangeTime=119;" VIEW-CRITERIA="type=*Switch*;" TREE-NAME="Switches" ICON-FILE="images/switch1.png" PANEL-KEY="NmsListView" ID="Network Database.Switches" TREE-POPUP-MENU="Custom Views,frameoptions.xml,TreeOperations.xml" TABLE-POPUP-MENU="View"/>
<LEVEL-1 VIEW-LENGTH="25" MENU-FILE-NAME="dbmenu.xml" CLIENT="All" DEVICE-REF="Network Database" TARGET="center" MODULE-NAME="Network Database" URL="jsp/NetTable.jsp" TABLE-COLUMNS="Name=name=89;Type=type=67;IPAddress=ipAddress=97;NetMask=netmask=100;SNMP Version=version=91;System Description=sysDescr=166;Status=status=78;Last Status Change Time=statusChangeTime=181;" VIEW-CRITERIA="isRouter=true;" TREE-NAME="Routers" ICON-FILE="images/routermap.png" PANEL-KEY="NmsListView" ID="Network Database.Routers" TREE-POPUP-MENU="Custom Views,frameoptions.xml,TreeOperations.xml" TABLE-POPUP-MENU="View"/>
</DEVICE>
<DEVICE PANEL-NAME="com.adventnet.nms.util.ImagePanel" DEFAULT-CLOSE-OPERATION="DISPOSE_ON_CLOSE" ICON-FILE="images/admintooltreeicon.png" TARGET="center" IMAGE-NAME="images/admintoolsmain.png" MODULE-NAME="Default" ID="AdminTool" INIT-ON-STARTUP="false" URL="jsp/ShowImage.jsp?imageName=../images/admintoolsmain.png" PANEL-KEY="AdminTool" Client="All" TREE-NAME="Administration Tools">
<LEVEL-1 MODULE-NAME="Policy" ICON-FILE="images/policy.png" TABLE-COLUMNS="Name=name=200;Groupname=groupName=170;Status=status=100;Period=period=80;" URL="jsp/GetPolicy.jsp" PANEL-NAME="com.adventnet.nms.policyui.NmsPolicyPanel" MENU-FILE-NAME="policymenu.xml" Client="All" TREE-NAME="Policies" ID="Policy" TARGET="center"/>
<LEVEL-1 ICON-FILE="images/sys.png" TARGET="center" Client="HTML" ID="System Administration" URL="jsp/SysAdminFrontPage.jsp" MODULE-NAME="Default" TREE-NAME="System Administration"/>
</DEVICE>
<DEVICE PANEL-NAME="com.adventnet.nms.util.ImagePanel" DEFAULT-CLOSE-OPERATION="DISPOSE_ON_CLOSE" ICON-FILE="images/snmptoolstreeicon.png" TARGET="center" IMAGE-NAME="images/snmptoolsmain.png" MODULE-NAME="Default" ID="Snmp" INIT-ON-STARTUP="false" URL="jsp/ShowImage.jsp?imageName=../images/snmptoolsmain.png" PANEL-KEY="Snmp" Client="All" TREE-NAME="SNMP Tools">
<LEVEL-1 TARGET="center" ICON-FILE="images/origin.png" ID="Mib Manager" MENU-FILE-NAME="mibmenu.xml" Client="All" PANEL-NAME="com.adventnet.mibBrowser.MibBrowser" TREE-NAME="Mib Manager" MODULE-NAME="Default" URL="jsp/MibBrowser.jsp"/>
<LEVEL-1 INIT-ON-STARTUP="false" ICON-FILE="images/usmtable.png" Client="Java" ID="USM Table" PANEL-NAME="com.adventnet.mibBrowser.USMTable" MODULE-NAME="Default" TREE-NAME="SNMP V3 Security"/>
</DEVICE>
<DEVICE PANEL-NAME="com.adventnet.nms.util.ImagePanel" DEFAULT-CLOSE-OPERATION="DISPOSE_ON_CLOSE" ICON-FILE="images/tl1treeicon.png" TARGET="center" IMAGE-NAME="images/tl1toolsmain.png" MODULE-NAME="Default" ID="TL1" INIT-ON-STARTUP="false" URL="jsp/ShowImage.jsp?imageName=../images/tl1toolsmain.png" PANEL-KEY="TL1" Client="Java" TREE-NAME="TL1 Tools">
<LEVEL-1 INIT-ON-STARTUP="false" DEFAULT-CLOSE-OPERATION="DISPOSE_ON_CLOSE" ICON-FILE="images/webcrafttreeicon.png" TREE-NAME="Web Craft Interface" CLIENT="Java" MENU-FILE-NAME="tl1browsermenu.xml" ID="TL1 Browser" PANEL-NAME="com.adventnet.nms.tl1.TL1NMSBrowser"/>
</DEVICE>
</DEVICE-GROUP>
</DEVICE-DATA>
