<?xml version="1.0" encoding="UTF-8"?>
<PACKAGER>
<DEFAULTDOWNLOAD/>
<SERVICES>
<SERVICE NAME="SECURITY">
<FILE name="conf/securitydbData.xml" identifier="2316298ec3ccfc1374f8fdce556e5ed3"/>
</SERVICE>
<SERVICE NAME="PERFORMANCE">
<FILE name="conf/Polling.conf" identifier="47c086caa3dec4301313d907225ddb10"/>
<FILE name="conf/Polling.filters" identifier="85fc6b57bf6e39c4d618403eaa2fcddd"/>
<FILE name="conf/Threshold.conf" identifier="56cf2ea40f9624f35bb54c66bb79f2d9"/>
<FILE name="conf/reports.conf" identifier="33d1ad01c031beb54bf791ee3f158370"/>
</SERVICE>
<SERVICE NAME="REBRANDING">
<FILE name="conf/clientparameters.conf" identifier="5e66082c9977374a7eaaba5261f4ba6d"/>
<FILE name="html/ElementConfigurationResources.properties" identifier="0b1e2822f9229cb65c9748d484911d66"/>
<FILE name="html/EnglishToNative.properties" identifier="35eb62f531ad6ad77f7aa601522c9940"/>
<FILE name="html/EnglishToNativeAncillary.properties" identifier="8400105b213f73b908c7cd7e3603f2b0"/>
<FILE name="html/EnglishToNativeComplete.properties" identifier="1e4d7a308e090d70b2b7abe4c61855c1"/>
<FILE name="html/launcher.properties" identifier="2180c65cae8f920b680102df4e3cfd8d"/>
<FILE name="html/RuntimeAdministrationResources.properties" identifier="12bd9c991bf5b733451a1f155c971268"/>
<FILE name="html/SecurityAdministrationResources.properties" identifier="d0d0efab86d9ed70b16694b4e6f0a4b1"/>
<FILE name="html/BeanBuilder.properties" identifier="f46fda81761da6b976597a01fb2a586d"/>
<FILE name="html/BeanBuilder_ref.properties" identifier="4b8889a5311c6206843e36ea615196ad"/>
<FILE name="html/CLIBrowser.properties" identifier="690f3a58d23ebf72d7e1578c89cde0dc"/>
<FILE name="html/ConfigChecker.properties" identifier="6ed3d36a3330fbc10e704ca08385d1c7"/>
<FILE name="html/DBXmlToolResources.properties" identifier="c09fd17576212781618c95b882e7dadb"/>
<FILE name="html/DeploymentWizard.properties" identifier="bbfb51d6d52e4361b685fbd5737044f1"/>
<FILE name="html/ElementConfigurationResourcesAncillary.properties" identifier="aaed54c0c40a78d56372d05d322e5ff4"/>
<FILE name="html/I18NToolResources.properties" identifier="dd49e48d07067f16fddc1b1529a92c1f"/>
<FILE name="html/MenuConfigurator.properties" identifier="5891a6817f19ebc7413741fcf35d2691"/>
<FILE name="html/MibBrowser.properties" identifier="38fd6f96a90b61e53467398ef73dd07b"/>
<FILE name="html/MOWizard.properties" identifier="58c03b3f02008718d860454d27c3c622"/>
<FILE name="html/ObjToRel.properties" identifier="500afd5dc587ca688e13233f8eb6fea6"/>
<FILE name="html/PackageWizard.properties" identifier="e4fcd99fd14e420e9930ff70426ea2d9"/>
<FILE name="html/ProvisioningClientResources.properties" identifier="46908df390f3d01dcfc43de0c521d6aa"/>
<FILE name="html/ReinitializeNmsResources.properties" identifier="bda650362057c9f8150803e51c93efae"/>
<FILE name="html/ShutDownNmsServerResources.properties" identifier="52e167c4b4c92cde18c2e5ec742af09a"/>
<FILE name="html/statusResources.properties" identifier="9ad1bbe1463d69d1a1d32907ba460bdc"/>
<FILE name="html/StatusViewer.properties" identifier="107c0c5255e3358fe5291a277e662d05"/>
<FILE name="html/TL1Browser.properties" identifier="db282b1c9bb617d1184f59358303177b"/>
<FILE name="html/USMTable.properties" identifier="c0514c667cad986fe5fee4459e5fd9d4"/>
<FILE name="html/V3Settings.properties" identifier="5c2646e9e3be9fe18c4a5f9c86b7eef6"/>
<FILE name="html/UpdateManager.properties" identifier="9038439afbc5af7c140f7b7815704701"/>
<FILE name="html/UpdateManagerResources_en_US.properties" identifier="891181986940f85b2fb3d73c5dea16c7"/>
<FILE name="html/LoginInfoUI.properties" identifier="4fd2c2b228dcd688e89badc21a8511c4"/>
<FILE name="html/ConfigSettings.properties" identifier="22d6c6ac47d5bb12792f8f94d7cfb608"/>
</SERVICE>
<SERVICE NAME="DISCOVERY">
<FILE name="conf/seed.file" identifier="0b107322bce8f8c8536a41a9cd41f842"/>
<FILE name="conf/userdiscovery.conf" identifier="97b9bea05a3ab1073b534e57b24b5c75"/>
<FILE name="conf/discovery.filters" identifier="ccfbfb7552abc19316a91b45dd7a2b3e"/>
</SERVICE>
</SERVICES>
</PACKAGER>
