<?xml version="1.0" encoding="UTF-8"?>
<PACKAGER outputDir="C:/NMS4.0.0/AdventNet/WebNMS/StudioTools/Studio/projects/dhcpcheck/" applicationName="dhcpcheck1.0" projectName="dhcpcheck" version="1.0" selective="false">
<DATABASE_SETTINGS>
<DATABASE name="MYSQL" userName="root" url="jdbc:mysql://localhost/WebNmsDB" driverClassName="org.gjt.mm.mysql.Driver" TRANS_CONNECTIONS="0" NON_TRANS_CONNECTIONS="6" password=""/>
</DATABASE_SETTINGS>
<MAPICON imageName="images/hub.png" targetDir="images"/>
<README name="C:/NMS4.0.0/AdventNet/WebNMS/StudioTools/Studio/projects/dhcpcheck/README.txt" targetDir="NetMonitor/build"/>
<ADDITIONAL_RESOURCES/>
<SERVICES>
<SERVICE NAME="REBRANDING" selected="true"/>
<SERVICE NAME="SECURITY" selected="true"/>
<SERVICE NAME="PERFORMANCE" selected="true"/>
<SERVICE NAME="DISCOVERY" selected="true"/>
<SERVICE NAME="MANAGEDRESOURCE" selected="true"/>
</SERVICES>
<CLIENT_NARS/>
<PACKAGED_JARS>
<FILE name="C:/NMS4.0.0/AdventNet/WebNMS/StudioTools/Studio/jars/StudioUtils.jar" targetDir="NetMonitor/build"/>
</PACKAGED_JARS>
<LISTICON CLEAR_IMG="icons/hub_green.png" WARNING_IMG="icons/hub_cyan.png" MINOR_IMG="icons/hub_yellow.png" MAJOR_IMG="icons/hub_orange.png" CRITICAL_IMG="icons/hub_red.png" UNKNOWN_IMG="icons/hub_gray.png" targetDir="icons"/>
</PACKAGER>
